"yr_cyc_num","date_time","lat","long","vmax","mslp","typh_grade"
"01,","2019010400,","26N,","1748E,","25,","1002,","TD,"
"01,","2019010406,","28N,","1748E,","25,","1002,","TD,"
"01,","2019010412,","29N,","1747E,","20,","1005,","DB,"
"01,","2019010418,","31N,","1746E,","20,","1005,","DB,"
"01,","2019010500,","33N,","1746E,","20,","1005,","DB,"
"01,","2019010506,","36N,","1748E,","20,","1005,","DB,"
"01,","2019010512,","38N,","1748E,","20,","1006,","DB,"
"01,","2019010518,","42N,","1748E,","20,","1006,","DB,"
"01,","2019010600,","45N,","1747E,","20,","1005,","DB,"
"01,","2019010606,","48N,","1744E,","20,","1005,","DB,"
"01,","2019010612,","51N,","1739E,","15,","1007,","DB,"
"01,","2019010618,","48N,","1734E,","15,","1007,","DB,"
"01,","2019010700,","46N,","1736E,","15,","1007,","DB,"
"01,","2019010706,","41N,","1736E,","15,","1007,","DB,"
"01,","2019010712,","35N,","1732E,","15,","1008,","DB,"
"01,","2019010718,","36N,","1725E,","15,","1008,","DB,"
"01,","2019010800,","37N,","1720E,","15,","1008,","DB,"
"01,","2019010806,","40N,","1714E,","15,","1008,","LO,"
"01,","2019010812,","42N,","1706E,","15,","1008,","LO,"
"01,","2019010818,","41N,","1695E,","15,","1007,","LO,"
"01,","2019010900,","38N,","1683E,","15,","1007,","LO,"
"01,","2019010906,","31N,","1673E,","15,","1007,","LO,"
"01,","2019010912,","22N,","1669E,","15,","1007,","LO,"
"01,","2019010918,","28N,","1656E,","15,","1007,","LO,"
"01,","2019011000,","38N,","1647E,","15,","1007,","LO,"
"01,","2019011006,","47N,","1638E,","15,","1005,","LO,"
"01,","2019011012,","50N,","1626E,","15,","1008,","LO,"
"01,","2019011018,","52N,","1613E,","15,","1008,","LO,"
"01,","2019011100,","52N,","1602E,","15,","1007,","LO,"
"01,","2019011106,","52N,","1595E,","15,","1006,","LO,"
"01,","2019011112,","53N,","1590E,","15,","1008,","LO,"
"01,","2019011118,","54N,","1586E,","15,","1006,","LO,"
"01,","2019011200,","55N,","1583E,","15,","1006,","LO,"
"01,","2019011206,","56N,","1581E,","15,","1006,","LO,"
"01,","2019011212,","56N,","1578E,","15,","1010,","LO,"
"01,","2019011218,","55N,","1574E,","15,","1004,","LO,"
"01,","2019011300,","54N,","1570E,","15,","1004,","LO,"
"01,","2019011306,","53N,","1566E,","15,","1010,","LO,"
"01,","2019011312,","51N,","1560E,","15,","1010,","LO,"
"01,","2019011318,","48N,","1553E,","15,","1010,","LO,"
"01,","2019011400,","46N,","1544E,","15,","1010,","LO,"
"01,","2019011406,","45N,","1536E,","15,","1002,","LO,"
"01,","2019011412,","45N,","1530E,","15,","1002,","LO,"
"01,","2019011418,","45N,","1525E,","15,","1003,","LO,"
"01,","2019011500,","44N,","1521E,","15,","1006,","LO,"
"01,","2019011506,","42N,","1516E,","15,","1006,","LO,"
"01,","2019011512,","40N,","1510E,","15,","1006,","LO,"
"01,","2019011518,","41N,","1503E,","15,","1005,","LO,"
"01,","2019011600,","41N,","1494E,","15,","1006,","LO,"
"01,","2019011606,","44N,","1481E,","15,","1006,","LO,"
"01,","2019011612,","53N,","1471E,","15,","1006,","LO,"
"01,","2019011618,","59N,","1460E,","15,","1006,","LO,"
"01,","2019011700,","59N,","1446E,","15,","1007,","LO,"
"01,","2019011706,","61N,","1432E,","15,","1005,","LO,"
"01,","2019011712,","63N,","1417E,","15,","1005,","LO,"
"01,","2019011718,","63N,","1402E,","20,","1005,","DB,"
"01,","2019011800,","64N,","1389E,","20,","1003,","DB,"
"01,","2019011806,","66N,","1382E,","20,","1005,","DB,"
"01,","2019011812,","69N,","1378E,","20,","1004,","DB,"
"01,","2019011818,","70N,","1365E,","20,","1004,","DB,"
"01,","2019011900,","66N,","1346E,","20,","1005,","DB,"
"01,","2019011906,","65N,","1323E,","20,","1005,","DB,"
"01,","2019011912,","70N,","1310E,","20,","1005,","DB,"
"01,","2019011918,","74N,","1297E,","20,","1004,","DB,"
"01,","2019012000,","77N,","1283E,","20,","1006,","DB,"
"01,","2019012006,","88N,","1274E,","20,","1006,","DB,"
"01,","2019012012,","97N,","1267E,","20,","1005,","DB,"
"01,","2019012018,","103N,","1265E,","20,","1006,","DB,"
"01,","2019012100,","109N,","1264E,","20,","1005,","DB,"
"01,","2019012106,","116N,","1263E,","25,","1004,","TD,"
"01,","2019012112,","126N,","1262E,","30,","1003,","TD,"
"01,","2019012118,","131N,","1262E,","25,","1005,","TD,"
"01,","2019012200,","133N,","1259E,","20,","1007,","DB,"
"01,","2019012206,","126N,","1257E,","20,","1006,","DB,"
"01,","2019012212,","120N,","1257E,","15,","1007,","DB,"
"02,","2019021812,","46N,","1628E,","20,","1007,","DB,"
"02,","2019021818,","49N,","1613E,","20,","1007,","DB,"
"02,","2019021900,","50N,","1597E,","25,","1004,","TD,"
"02,","2019021906,","49N,","1584E,","25,","1001,","TD,"
"02,","2019021912,","46N,","1570E,","30,","1001,","TD,"
"02,","2019021918,","46N,","1559E,","40,","993,","TS,"
"02,","2019022000,","47N,","1546E,","45,","995,","TS,"
"02,","2019022006,","50N,","1536E,","50,","985,","TS,"
"02,","2019022006,","50N,","1536E,","50,","985,","TS,"
"02,","2019022012,","53N,","1525E,","55,","991,","TS,"
"02,","2019022012,","53N,","1525E,","55,","991,","TS,"
"02,","2019022018,","58N,","1513E,","60,","987,","TS,"
"02,","2019022018,","58N,","1513E,","60,","987,","TS,"
"02,","2019022100,","62N,","1504E,","65,","984,","TY,"
"02,","2019022100,","62N,","1504E,","65,","984,","TY,"
"02,","2019022100,","62N,","1504E,","65,","984,","TY,"
"02,","2019022106,","66N,","1496E,","75,","979,","TY,"
"02,","2019022106,","66N,","1496E,","75,","979,","TY,"
"02,","2019022106,","66N,","1496E,","75,","979,","TY,"
"02,","2019022112,","71N,","1488E,","80,","973,","TY,"
"02,","2019022112,","71N,","1488E,","80,","973,","TY,"
"02,","2019022112,","71N,","1488E,","80,","973,","TY,"
"02,","2019022118,","77N,","1480E,","80,","973,","TY,"
"02,","2019022118,","77N,","1480E,","80,","973,","TY,"
"02,","2019022118,","77N,","1480E,","80,","973,","TY,"
"02,","2019022200,","83N,","1471E,","85,","970,","TY,"
"02,","2019022200,","83N,","1471E,","85,","970,","TY,"
"02,","2019022200,","83N,","1471E,","85,","970,","TY,"
"02,","2019022206,","91N,","1461E,","90,","967,","TY,"
"02,","2019022206,","91N,","1461E,","90,","967,","TY,"
"02,","2019022206,","91N,","1461E,","90,","967,","TY,"
"02,","2019022212,","99N,","1450E,","95,","962,","TY,"
"02,","2019022212,","99N,","1450E,","95,","962,","TY,"
"02,","2019022212,","99N,","1450E,","95,","962,","TY,"
"02,","2019022218,","102N,","1441E,","100,","958,","TY,"
"02,","2019022218,","102N,","1441E,","100,","958,","TY,"
"02,","2019022218,","102N,","1441E,","100,","958,","TY,"
"02,","2019022300,","107N,","1437E,","105,","953,","TY,"
"02,","2019022300,","107N,","1437E,","105,","953,","TY,"
"02,","2019022300,","107N,","1437E,","105,","953,","TY,"
"02,","2019022306,","114N,","1432E,","115,","943,","TY,"
"02,","2019022306,","114N,","1432E,","115,","943,","TY,"
"02,","2019022306,","114N,","1432E,","115,","943,","TY,"
"02,","2019022310,","119N,","1429E,","145,","895,","ST,"
"02,","2019022310,","119N,","1429E,","145,","895,","ST,"
"02,","2019022310,","119N,","1429E,","145,","895,","ST,"
"02,","2019022312,","120N,","1428E,","140,","905,","ST,"
"02,","2019022312,","120N,","1428E,","140,","905,","ST,"
"02,","2019022312,","120N,","1428E,","140,","905,","ST,"
"02,","2019022318,","124N,","1424E,","130,","929,","ST,"
"02,","2019022318,","124N,","1424E,","130,","929,","ST,"
"02,","2019022318,","124N,","1424E,","130,","929,","ST,"
"02,","2019022400,","126N,","1421E,","120,","939,","TY,"
"02,","2019022400,","126N,","1421E,","120,","939,","TY,"
"02,","2019022400,","126N,","1421E,","120,","939,","TY,"
"02,","2019022406,","129N,","1417E,","110,","948,","TY,"
"02,","2019022406,","129N,","1417E,","110,","948,","TY,"
"02,","2019022406,","129N,","1417E,","110,","948,","TY,"
"02,","2019022412,","130N,","1411E,","105,","954,","TY,"
"02,","2019022412,","130N,","1411E,","105,","954,","TY,"
"02,","2019022412,","130N,","1411E,","105,","954,","TY,"
"02,","2019022418,","131N,","1407E,","115,","944,","TY,"
"02,","2019022418,","131N,","1407E,","115,","944,","TY,"
"02,","2019022418,","131N,","1407E,","115,","944,","TY,"
"02,","2019022500,","134N,","1404E,","125,","935,","TY,"
"02,","2019022500,","134N,","1404E,","125,","935,","TY,"
"02,","2019022500,","134N,","1404E,","125,","935,","TY,"
"02,","2019022506,","138N,","1402E,","140,","918,","ST,"
"02,","2019022506,","138N,","1402E,","140,","918,","ST,"
"02,","2019022506,","138N,","1402E,","140,","918,","ST,"
"02,","2019022512,","142N,","1401E,","135,","923,","ST,"
"02,","2019022512,","142N,","1401E,","135,","923,","ST,"
"02,","2019022512,","142N,","1401E,","135,","923,","ST,"
"02,","2019022518,","146N,","1399E,","125,","934,","TY,"
"02,","2019022518,","146N,","1399E,","125,","934,","TY,"
"02,","2019022518,","146N,","1399E,","125,","934,","TY,"
"02,","2019022600,","149N,","1399E,","120,","940,","TY,"
"02,","2019022600,","149N,","1399E,","120,","940,","TY,"
"02,","2019022600,","149N,","1399E,","120,","940,","TY,"
"02,","2019022606,","152N,","1399E,","115,","945,","TY,"
"02,","2019022606,","152N,","1399E,","115,","945,","TY,"
"02,","2019022606,","152N,","1399E,","115,","945,","TY,"
"02,","2019022612,","154N,","1401E,","105,","955,","TY,"
"02,","2019022612,","154N,","1401E,","105,","955,","TY,"
"02,","2019022612,","154N,","1401E,","105,","955,","TY,"
"02,","2019022618,","156N,","1401E,","90,","966,","TY,"
"02,","2019022618,","156N,","1401E,","90,","966,","TY,"
"02,","2019022618,","156N,","1401E,","90,","966,","TY,"
"02,","2019022700,","158N,","1401E,","85,","971,","TY,"
"02,","2019022700,","158N,","1401E,","85,","971,","TY,"
"02,","2019022700,","158N,","1401E,","85,","971,","TY,"
"02,","2019022706,","162N,","1399E,","75,","980,","TY,"
"02,","2019022706,","162N,","1399E,","75,","980,","TY,"
"02,","2019022706,","162N,","1399E,","75,","980,","TY,"
"02,","2019022712,","164N,","1390E,","50,","996,","TS,"
"02,","2019022712,","164N,","1390E,","50,","996,","TS,"
"02,","2019022718,","167N,","1378E,","35,","1003,","TS,"
"02,","2019022800,","171N,","1367E,","30,","1007,","TD,"
"02,","2019022806,","175N,","1356E,","25,","1008,","TD,"
"02,","2019022812,","181N,","1349E,","20,","1011,","DB,"
"02,","2019022818,","185N,","1346E,","20,","1008,","DB,"
"02,","2019030100,","190N,","1343E,","20,","1010,","DB,"
"03,","2019031118,","37N,","1605E,","10,","1009,","LO,"
"03,","2019031200,","40N,","1594E,","15,","1009,","LO,"
"03,","2019031206,","42N,","1585E,","15,","1008,","LO,"
"03,","2019031212,","45N,","1575E,","15,","1008,","WV,"
"03,","2019031218,","48N,","1566E,","15,","1008,","WV,"
"03,","2019031300,","53N,","1553E,","20,","1007,","WV,"
"03,","2019031306,","57N,","1539E,","20,","1006,","WV,"
"03,","2019031312,","60N,","1525E,","20,","1006,","WV,"
"03,","2019031318,","65N,","1511E,","20,","1006,","WV,"
"03,","2019031400,","70N,","1498E,","20,","1005,","WV,"
"03,","2019031406,","75N,","1483E,","20,","1005,","WV,"
"03,","2019031412,","77N,","1469E,","20,","1005,","WV,"
"03,","2019031418,","79N,","1456E,","20,","1006,","DB,"
"03,","2019031500,","80N,","1442E,","25,","1001,","TD,"
"03,","2019031506,","80N,","1430E,","25,","1006,","TD,"
"03,","2019031512,","79N,","1419E,","25,","1006,","TD,"
"03,","2019031518,","78N,","1409E,","30,","1003,","TD,"
"03,","2019031600,","77N,","1399E,","30,","1005,","TD,"
"03,","2019031606,","76N,","1387E,","30,","1005,","TD,"
"03,","2019031612,","75N,","1375E,","30,","1003,","TD,"
"03,","2019031618,","74N,","1361E,","30,","1005,","TD,"
"03,","2019031700,","74N,","1348E,","30,","1005,","TD,"
"03,","2019031706,","75N,","1337E,","35,","1004,","TS,"
"03,","2019031712,","73N,","1328E,","30,","1004,","TD,"
"03,","2019031718,","71N,","1314E,","25,","1007,","TD,"
"03,","2019031800,","68N,","1300E,","25,","1008,","TD,"
"03,","2019031806,","67N,","1287E,","25,","1007,","TD,"
"03,","2019031812,","66N,","1275E,","25,","1006,","TD,"
"03,","2019031818,","66N,","1262E,","20,","1007,","DB,"
"03,","2019031900,","66N,","1246E,","20,","1006,","DB,"
"03,","2019031906,","67N,","1231E,","15,","1010,","DB,"
"03,","2019031912,","68N,","1221E,","15,","1010,","DB,"
"04,","2019062700,","103N,","1372E,","15,","1006,","DB,"
"04,","2019062706,","107N,","1361E,","15,","1005,","DB,"
"04,","2019062712,","113N,","1353E,","20,","1006,","DB,"
"04,","2019062718,","117N,","1347E,","20,","1006,","DB,"
"04,","2019062800,","123N,","1342E,","25,","1004,","TD,"
"04,","2019062806,","129N,","1340E,","25,","1003,","TD,"
"04,","2019062812,","133N,","1333E,","25,","1003,","TD,"
"04,","2019062818,","137N,","1327E,","25,","1003,","TD,"
"04,","2019062900,","140N,","1321E,","30,","1002,","TD,"
"04,","2019062906,","144N,","1317E,","30,","1002,","TD,"
"04,","2019062912,","148N,","1312E,","35,","998,","TS,"
"04,","2019062918,","154N,","1302E,","30,","1004,","TD,"
"04,","2019063000,","160N,","1292E,","25,","1004,","TD,"
"04,","2019063006,","171N,","1277E,","25,","1005,","TD,"
"04,","2019063012,","190N,","1265E,","20,","1004,","DB,"
"04,","2019063018,","200N,","1254E,","15,","1008,","DB,"
"04,","2019070100,","212N,","1240E,","15,","1008,","DB,"
"04,","2019070106,","223N,","1224E,","15,","1008,","DB,"
"05,","2019070106,","181N,","1144E,","15,","1001,","MD,"
"05,","2019070112,","180N,","1140E,","15,","1000,","MD,"
"05,","2019070118,","180N,","1136E,","20,","999,","MD,"
"05,","2019070200,","184N,","1133E,","20,","999,","MD,"
"05,","2019070206,","187N,","1124E,","20,","999,","MD,"
"05,","2019070212,","189N,","1113E,","20,","999,","MD,"
"05,","2019070218,","191N,","1103E,","20,","999,","MD,"
"05,","2019070300,","188N,","1090E,","25,","997,","TD,"
"05,","2019070306,","185N,","1081E,","35,","993,","TS,"
"05,","2019070312,","197N,","1077E,","35,","992,","TS,"
"05,","2019070318,","201N,","1069E,","30,","995,","TD,"
"05,","2019070400,","205N,","1062E,","25,","996,","TD,"
"05,","2019070406,","215N,","1054E,","20,","998,","DB,"
"05,","2019070412,","226N,","1050E,","15,","1000,","DB,"
"06,","2019071412,","150N,","1351E,","15,","1008,","DB,"
"06,","2019071418,","154N,","1340E,","20,","1006,","DB,"
"06,","2019071500,","157N,","1332E,","20,","1006,","DB,"
"06,","2019071506,","163N,","1322E,","20,","1000,","DB,"
"06,","2019071512,","167N,","1306E,","20,","1000,","DB,"
"06,","2019071518,","167N,","1286E,","20,","997,","MD,"
"06,","2019071600,","166N,","1263E,","25,","996,","MD,"
"06,","2019071606,","169N,","1248E,","30,","993,","MD,"
"06,","2019071612,","173N,","1238E,","30,","995,","MD,"
"06,","2019071618,","173N,","1233E,","30,","994,","MD,"
"06,","2019071700,","181N,","1235E,","30,","993,","MD,"
"06,","2019071706,","190N,","1237E,","30,","998,","TD,"
"06,","2019071712,","205N,","1240E,","35,","998,","TS,"
"06,","2019071718,","220N,","1241E,","35,","990,","TS,"
"06,","2019071800,","239N,","1243E,","40,","988,","TS,"
"06,","2019071806,","256N,","1240E,","40,","987,","TS,"
"06,","2019071812,","269N,","1237E,","45,","984,","TS,"
"06,","2019071818,","282N,","1237E,","45,","984,","TS,"
"06,","2019071900,","290N,","1240E,","40,","986,","TS,"
"06,","2019071906,","302N,","1244E,","40,","986,","TS,"
"06,","2019071912,","317N,","1249E,","40,","987,","TS,"
"06,","2019071918,","331N,","1253E,","35,","990,","TS,"
"06,","2019072000,","342N,","1256E,","30,","991,","TD,"
"06,","2019072006,","349N,","1258E,","30,","992,","TD,"
"06,","2019072012,","357N,","1263E,","25,","992,","TD,"
"06,","2019072018,","363N,","1278E,","20,","997,","DB,"
"06,","2019072100,","375N,","1293E,","25,","999,","TD,"
"06,","2019072106,","391N,","1309E,","20,","995,","DB,"
"06,","2019072112,","409N,","1306E,","20,","1007,","DB,"
"07,","2019072400,","232N,","1365E,","20,","1004,","DB,"
"07,","2019072406,","235N,","1375E,","20,","1004,","DB,"
"07,","2019072412,","243N,","1378E,","20,","1004,","DB,"
"07,","2019072418,","253N,","1378E,","25,","1004,","TD,"
"07,","2019072500,","263N,","1376E,","30,","1000,","TD,"
"07,","2019072506,","265N,","1375E,","30,","1000,","TD,"
"07,","2019072512,","277N,","1369E,","35,","999,","TS,"
"07,","2019072518,","285N,","1372E,","35,","997,","TS,"
"07,","2019072600,","297N,","1371E,","35,","998,","TS,"
"07,","2019072606,","309N,","1362E,","35,","999,","TS,"
"07,","2019072612,","320N,","1358E,","35,","998,","TS,"
"07,","2019072618,","333N,","1360E,","35,","991,","TS,"
"07,","2019072700,","347N,","1365E,","30,","1000,","TD,"
"07,","2019072706,","355N,","1369E,","25,","1003,","TD,"
"07,","2019072712,","362N,","1377E,","20,","1005,","DB,"
"08,","2019072900,","159N,","1170E,","15,","1010,","DB,"
"08,","2019072906,","164N,","1168E,","15,","1010,","DB,"
"08,","2019072912,","168N,","1166E,","15,","1010,","DB,"
"08,","2019072918,","172N,","1160E,","15,","1003,","DB,"
"08,","2019073000,","175N,","1154E,","15,","1002,","DB,"
"08,","2019073006,","177N,","1148E,","20,","1001,","DB,"
"08,","2019073012,","179N,","1143E,","25,","997,","TD,"
"08,","2019073018,","182N,","1140E,","25,","997,","TD,"
"08,","2019073100,","186N,","1135E,","30,","995,","TD,"
"08,","2019073106,","191N,","1129E,","35,","997,","TS,"
"08,","2019073112,","193N,","1122E,","35,","996,","TS,"
"08,","2019073118,","197N,","1115E,","40,","995,","TS,"
"08,","2019080100,","201N,","1111E,","40,","989,","TS,"
"08,","2019080106,","208N,","1111E,","45,","989,","TS,"
"08,","2019080109,","212N,","1107E,","45,","989,","TS,"
"08,","2019080112,","214N,","1102E,","40,","992,","TS,"
"08,","2019080118,","212N,","1095E,","35,","996,","TS,"
"08,","2019080200,","212N,","1093E,","40,","994,","TS,"
"08,","2019080206,","214N,","1090E,","50,","986,","TS,"
"08,","2019080206,","214N,","1090E,","50,","986,","TS,"
"08,","2019080212,","215N,","1084E,","55,","983,","TS,"
"08,","2019080212,","215N,","1084E,","55,","983,","TS,"
"08,","2019080218,","214N,","1074E,","55,","984,","TS,"
"08,","2019080218,","214N,","1074E,","55,","984,","TS,"
"08,","2019080300,","213N,","1067E,","40,","989,","TS,"
"08,","2019080306,","210N,","1060E,","30,","995,","TD,"
"08,","2019080312,","206N,","1052E,","25,","997,","TD,"
"08,","2019080318,","202N,","1044E,","20,","997,","DB,"
"09,","2019080106,","182N,","1548E,","20,","1003,","DB,"
"09,","2019080112,","189N,","1540E,","25,","1002,","TD,"
"09,","2019080118,","195N,","1533E,","25,","1003,","TD,"
"09,","2019080200,","203N,","1528E,","35,","998,","TS,"
"09,","2019080206,","209N,","1520E,","35,","997,","TS,"
"09,","2019080212,","219N,","1512E,","40,","996,","TS,"
"09,","2019080218,","231N,","1501E,","40,","992,","TS,"
"09,","2019080300,","243N,","1486E,","40,","996,","TS,"
"09,","2019080306,","254N,","1473E,","45,","994,","TS,"
"09,","2019080312,","260N,","1459E,","45,","994,","TS,"
"09,","2019080318,","267N,","1442E,","50,","988,","TS,"
"09,","2019080400,","275N,","1431E,","50,","990,","TS,"
"09,","2019080406,","285N,","1416E,","55,","986,","TS,"
"09,","2019080412,","291N,","1397E,","55,","985,","TS,"
"09,","2019080418,","298N,","1380E,","60,","981,","TS,"
"09,","2019080418,","298N,","1380E,","60,","981,","TS,"
"09,","2019080500,","304N,","1362E,","60,","982,","TS,"
"09,","2019080500,","304N,","1362E,","60,","982,","TS,"
"09,","2019080506,","307N,","1345E,","65,","978,","TY,"
"09,","2019080506,","307N,","1345E,","65,","978,","TY,"
"09,","2019080512,","312N,","1329E,","70,","974,","TY,"
"09,","2019080512,","312N,","1329E,","70,","974,","TY,"
"09,","2019080518,","317N,","1319E,","80,","966,","TY,"
"09,","2019080518,","317N,","1319E,","80,","966,","TY,"
"09,","2019080518,","317N,","1319E,","80,","966,","TY,"
"09,","2019080600,","329N,","1307E,","65,","976,","TY,"
"09,","2019080600,","329N,","1307E,","65,","976,","TY,"
"09,","2019080600,","329N,","1307E,","65,","976,","TY,"
"09,","2019080606,","342N,","1299E,","55,","985,","TS,"
"09,","2019080606,","342N,","1299E,","55,","985,","TS,"
"09,","2019080612,","354N,","1293E,","45,","995,","TS,"
"09,","2019080618,","368N,","1288E,","35,","994,","TS,"
"09,","2019080700,","381N,","1287E,","30,","996,","TD,"
"09,","2019080706,","392N,","1290E,","30,","996,","TD,"
"09,","2019080712,","400N,","1300E,","25,","999,","EX,"
"09,","2019080718,","411N,","1317E,","25,","1000,","EX,"
"09,","2019080800,","419N,","1343E,","25,","1000,","EX,"
"09,","2019080806,","421N,","1368E,","25,","1000,","EX,"
"10,","2019080312,","154N,","1338E,","20,","1007,","MD,"
"10,","2019080318,","155N,","1324E,","25,","1004,","MD,"
"10,","2019080400,","161N,","1316E,","25,","998,","TD,"
"10,","2019080406,","169N,","1315E,","30,","997,","TD,"
"10,","2019080412,","177N,","1311E,","40,","995,","TS,"
"10,","2019080418,","184N,","1307E,","40,","992,","TS,"
"10,","2019080500,","187N,","1302E,","45,","990,","TS,"
"10,","2019080506,","189N,","1297E,","45,","989,","TS,"
"10,","2019080509,","188N,","1293E,","45,","989,","TS,"
"10,","2019080512,","185N,","1293E,","45,","989,","TS,"
"10,","2019080518,","186N,","1292E,","45,","986,","TS,"
"10,","2019080521,","187N,","1294E,","50,","984,","TS,"
"10,","2019080521,","187N,","1294E,","50,","984,","TS,"
"10,","2019080600,","189N,","1294E,","50,","983,","TS,"
"10,","2019080600,","189N,","1294E,","50,","983,","TS,"
"10,","2019080606,","192N,","1291E,","55,","981,","TS,"
"10,","2019080606,","192N,","1291E,","55,","981,","TS,"
"10,","2019080612,","193N,","1286E,","65,","975,","TY,"
"10,","2019080612,","193N,","1286E,","65,","975,","TY,"
"10,","2019080612,","193N,","1286E,","65,","975,","TY,"
"10,","2019080618,","195N,","1284E,","70,","970,","TY,"
"10,","2019080618,","195N,","1284E,","70,","970,","TY,"
"10,","2019080618,","195N,","1284E,","70,","970,","TY,"
"10,","2019080700,","203N,","1282E,","80,","963,","TY,"
"10,","2019080700,","203N,","1282E,","80,","963,","TY,"
"10,","2019080700,","203N,","1282E,","80,","963,","TY,"
"10,","2019080706,","210N,","1277E,","90,","955,","TY,"
"10,","2019080706,","210N,","1277E,","90,","955,","TY,"
"10,","2019080706,","210N,","1277E,","90,","955,","TY,"
"10,","2019080712,","216N,","1270E,","115,","933,","TY,"
"10,","2019080712,","216N,","1270E,","115,","933,","TY,"
"10,","2019080712,","216N,","1270E,","115,","933,","TY,"
"10,","2019080718,","221N,","1264E,","120,","925,","TY,"
"10,","2019080718,","221N,","1264E,","120,","925,","TY,"
"10,","2019080718,","221N,","1264E,","120,","925,","TY,"
"10,","2019080800,","227N,","1260E,","125,","916,","TY,"
"10,","2019080800,","227N,","1260E,","125,","916,","TY,"
"10,","2019080800,","227N,","1260E,","125,","916,","TY,"
"10,","2019080806,","237N,","1254E,","130,","912,","ST,"
"10,","2019080806,","237N,","1254E,","130,","912,","ST,"
"10,","2019080806,","237N,","1254E,","130,","912,","ST,"
"10,","2019080812,","244N,","1249E,","135,","905,","ST,"
"10,","2019080812,","244N,","1249E,","135,","905,","ST,"
"10,","2019080812,","244N,","1249E,","135,","905,","ST,"
"10,","2019080818,","254N,","1245E,","130,","904,","ST,"
"10,","2019080818,","254N,","1245E,","130,","904,","ST,"
"10,","2019080818,","254N,","1245E,","130,","904,","ST,"
"10,","2019080900,","264N,","1234E,","120,","911,","TY,"
"10,","2019080900,","264N,","1234E,","120,","911,","TY,"
"10,","2019080900,","264N,","1234E,","120,","911,","TY,"
"10,","2019080906,","270N,","1225E,","105,","925,","TY,"
"10,","2019080906,","270N,","1225E,","105,","925,","TY,"
"10,","2019080906,","270N,","1225E,","105,","925,","TY,"
"10,","2019080912,","276N,","1220E,","100,","931,","TY,"
"10,","2019080912,","276N,","1220E,","100,","931,","TY,"
"10,","2019080912,","276N,","1220E,","100,","931,","TY,"
"10,","2019080918,","284N,","1214E,","90,","939,","TY,"
"10,","2019080918,","284N,","1214E,","90,","939,","TY,"
"10,","2019080918,","284N,","1214E,","90,","939,","TY,"
"10,","2019081000,","292N,","1209E,","75,","953,","TY,"
"10,","2019081000,","292N,","1209E,","75,","953,","TY,"
"10,","2019081000,","292N,","1209E,","75,","953,","TY,"
"10,","2019081006,","301N,","1205E,","60,","965,","TS,"
"10,","2019081006,","301N,","1205E,","60,","965,","TS,"
"10,","2019081012,","308N,","1206E,","55,","969,","TS,"
"10,","2019081012,","308N,","1206E,","55,","969,","TS,"
"10,","2019081018,","317N,","1209E,","50,","968,","TS,"
"10,","2019081018,","317N,","1209E,","50,","968,","TS,"
"10,","2019081100,","332N,","1208E,","40,","977,","TS,"
"10,","2019081106,","347N,","1200E,","40,","984,","TS,"
"10,","2019081112,","363N,","1202E,","40,","982,","TS,"
"10,","2019081118,","375N,","1202E,","35,","980,","SS,"
"11,","2019080400,","155N,","1466E,","15,","1010,","DB,"
"11,","2019080406,","161N,","1469E,","15,","1010,","DB,"
"11,","2019080412,","167N,","1469E,","15,","1010,","DB,"
"11,","2019080418,","169N,","1463E,","20,","1000,","DB,"
"11,","2019080500,","168N,","1457E,","20,","1001,","DB,"
"11,","2019080506,","168N,","1451E,","20,","1000,","DB,"
"11,","2019080512,","171N,","1448E,","25,","999,","MD,"
"11,","2019080518,","173N,","1444E,","25,","999,","TD,"
"11,","2019080600,","177N,","1438E,","35,","995,","TS,"
"11,","2019080606,","184N,","1430E,","40,","991,","TS,"
"11,","2019080612,","189N,","1424E,","50,","986,","TS,"
"11,","2019080618,","197N,","1420E,","60,","978,","TS,"
"11,","2019080618,","197N,","1420E,","60,","978,","TS,"
"11,","2019080700,","206N,","1417E,","65,","975,","TY,"
"11,","2019080700,","206N,","1417E,","65,","975,","TY,"
"11,","2019080700,","206N,","1417E,","65,","975,","TY,"
"11,","2019080706,","211N,","1414E,","75,","969,","TY,"
"11,","2019080706,","211N,","1414E,","75,","969,","TY,"
"11,","2019080706,","211N,","1414E,","75,","969,","TY,"
"11,","2019080712,","215N,","1410E,","75,","968,","TY,"
"11,","2019080712,","215N,","1410E,","75,","968,","TY,"
"11,","2019080712,","215N,","1410E,","75,","968,","TY,"
"11,","2019080718,","217N,","1408E,","80,","962,","TY,"
"11,","2019080718,","217N,","1408E,","80,","962,","TY,"
"11,","2019080718,","217N,","1408E,","80,","962,","TY,"
"11,","2019080800,","220N,","1406E,","90,","955,","TY,"
"11,","2019080800,","220N,","1406E,","90,","955,","TY,"
"11,","2019080800,","220N,","1406E,","90,","955,","TY,"
"11,","2019080806,","220N,","1405E,","100,","946,","TY,"
"11,","2019080806,","220N,","1405E,","100,","946,","TY,"
"11,","2019080806,","220N,","1405E,","100,","946,","TY,"
"11,","2019080812,","220N,","1408E,","100,","945,","TY,"
"11,","2019080812,","220N,","1408E,","100,","945,","TY,"
"11,","2019080812,","220N,","1408E,","100,","945,","TY,"
"11,","2019080818,","220N,","1410E,","95,","948,","TY,"
"11,","2019080818,","220N,","1410E,","95,","948,","TY,"
"11,","2019080818,","220N,","1410E,","95,","948,","TY,"
"11,","2019080900,","220N,","1411E,","95,","948,","TY,"
"11,","2019080900,","220N,","1411E,","95,","948,","TY,"
"11,","2019080900,","220N,","1411E,","95,","948,","TY,"
"11,","2019080906,","220N,","1412E,","90,","953,","TY,"
"11,","2019080906,","220N,","1412E,","90,","953,","TY,"
"11,","2019080906,","220N,","1412E,","90,","953,","TY,"
"11,","2019080912,","222N,","1414E,","85,","957,","TY,"
"11,","2019080912,","222N,","1414E,","85,","957,","TY,"
"11,","2019080912,","222N,","1414E,","85,","957,","TY,"
"11,","2019080918,","224N,","1415E,","75,","965,","TY,"
"11,","2019080918,","224N,","1415E,","75,","965,","TY,"
"11,","2019080918,","224N,","1415E,","75,","965,","TY,"
"11,","2019081000,","227N,","1415E,","70,","966,","TY,"
"11,","2019081000,","227N,","1415E,","70,","966,","TY,"
"11,","2019081000,","227N,","1415E,","70,","966,","TY,"
"11,","2019081006,","228N,","1411E,","65,","970,","TY,"
"11,","2019081006,","228N,","1411E,","65,","970,","TY,"
"11,","2019081006,","228N,","1411E,","65,","970,","TY,"
"11,","2019081012,","228N,","1407E,","60,","974,","TS,"
"11,","2019081012,","228N,","1407E,","60,","974,","TS,"
"11,","2019081018,","228N,","1406E,","60,","974,","TS,"
"11,","2019081018,","228N,","1406E,","60,","974,","TS,"
"11,","2019081100,","230N,","1402E,","60,","972,","TS,"
"11,","2019081100,","230N,","1402E,","60,","972,","TS,"
"11,","2019081106,","233N,","1397E,","60,","973,","TS,"
"11,","2019081106,","233N,","1397E,","60,","973,","TS,"
"11,","2019081112,","236N,","1391E,","55,","976,","TS,"
"11,","2019081112,","236N,","1391E,","55,","976,","TS,"
"11,","2019081118,","239N,","1386E,","50,","978,","TS,"
"11,","2019081118,","239N,","1386E,","50,","978,","TS,"
"11,","2019081200,","244N,","1379E,","50,","978,","TS,"
"11,","2019081200,","244N,","1379E,","50,","978,","TS,"
"11,","2019081206,","250N,","1378E,","50,","978,","TS,"
"11,","2019081206,","250N,","1378E,","50,","978,","TS,"
"11,","2019081209,","256N,","1377E,","50,","985,","TS,"
"11,","2019081209,","256N,","1377E,","50,","985,","TS,"
"11,","2019081212,","259N,","1372E,","50,","978,","TS,"
"11,","2019081212,","259N,","1372E,","50,","978,","TS,"
"11,","2019081218,","270N,","1365E,","50,","976,","TS,"
"11,","2019081218,","270N,","1365E,","50,","976,","TS,"
"11,","2019081300,","273N,","1352E,","50,","974,","TS,"
"11,","2019081300,","273N,","1352E,","50,","974,","TS,"
"11,","2019081306,","276N,","1346E,","50,","972,","TS,"
"11,","2019081306,","276N,","1346E,","50,","972,","TS,"
"11,","2019081312,","279N,","1341E,","50,","974,","TS,"
"11,","2019081312,","279N,","1341E,","50,","974,","TS,"
"11,","2019081318,","283N,","1336E,","50,","974,","TS,"
"11,","2019081318,","283N,","1336E,","50,","974,","TS,"
"11,","2019081400,","287N,","1332E,","55,","969,","TS,"
"11,","2019081400,","287N,","1332E,","55,","969,","TS,"
"11,","2019081406,","294N,","1331E,","55,","969,","TS,"
"11,","2019081406,","294N,","1331E,","55,","969,","TS,"
"11,","2019081412,","304N,","1328E,","55,","968,","TS,"
"11,","2019081412,","304N,","1328E,","55,","968,","TS,"
"11,","2019081418,","314N,","1327E,","55,","970,","TS,"
"11,","2019081418,","314N,","1327E,","55,","970,","TS,"
"11,","2019081500,","325N,","1326E,","55,","967,","TS,"
"11,","2019081500,","325N,","1326E,","55,","967,","TS,"
"11,","2019081506,","341N,","1326E,","50,","977,","TS,"
"11,","2019081509,","350N,","1327E,","45,","977,","TS,"
"11,","2019081512,","359N,","1328E,","40,","979,","TS,"
"11,","2019081518,","376N,","1337E,","35,","976,","EX,"
"11,","2019081600,","396N,","1347E,","35,","976,","EX,"
"11,","2019081606,","410N,","1362E,","30,","974,","EX,"
"12,","2019081900,","126N,","1351E,","15,","1004,","DB,"
"12,","2019081906,","128N,","1347E,","15,","1003,","DB,"
"12,","2019081912,","130N,","1343E,","15,","1003,","DB,"
"12,","2019081918,","132N,","1340E,","15,","1003,","DB,"
"12,","2019082000,","135N,","1338E,","20,","1002,","DB,"
"12,","2019082006,","138N,","1336E,","20,","1002,","DB,"
"12,","2019082012,","142N,","1334E,","20,","1001,","DB,"
"12,","2019082018,","145N,","1330E,","20,","1001,","DB,"
"12,","2019082100,","148N,","1325E,","20,","1001,","DB,"
"12,","2019082106,","149N,","1318E,","25,","1001,","TD,"
"12,","2019082112,","151N,","1309E,","30,","1002,","TD,"
"12,","2019082118,","155N,","1301E,","30,","1001,","TD,"
"12,","2019082200,","157N,","1292E,","35,","995,","TS,"
"12,","2019082206,","159N,","1284E,","40,","995,","TS,"
"12,","2019082212,","167N,","1278E,","45,","994,","TS,"
"12,","2019082218,","178N,","1276E,","45,","994,","TS,"
"12,","2019082300,","183N,","1261E,","45,","995,","TS,"
"12,","2019082306,","192N,","1253E,","45,","992,","TS,"
"12,","2019082312,","199N,","1243E,","50,","989,","TS,"
"12,","2019082312,","199N,","1243E,","50,","989,","TS,"
"12,","2019082318,","207N,","1229E,","55,","987,","TS,"
"12,","2019082318,","207N,","1229E,","55,","987,","TS,"
"12,","2019082400,","215N,","1219E,","55,","987,","TS,"
"12,","2019082400,","215N,","1219E,","55,","987,","TS,"
"12,","2019082406,","224N,","1207E,","60,","979,","TS,"
"12,","2019082406,","224N,","1207E,","60,","979,","TS,"
"12,","2019082412,","228N,","1192E,","50,","982,","TS,"
"12,","2019082412,","228N,","1192E,","50,","982,","TS,"
"12,","2019082418,","228N,","1179E,","45,","991,","TS,"
"12,","2019082500,","238N,","1171E,","40,","993,","TS,"
"12,","2019082506,","247N,","1159E,","35,","995,","TS,"
"12,","2019082512,","249N,","1144E,","25,","1001,","TD,"
"12,","2019082518,","248N,","1134E,","20,","1002,","DB,"
"12,","2019082600,","248N,","1122E,","20,","1003,","DB,"
"13,","2019082412,","81N,","1406E,","15,","0,","DB,"
"13,","2019082418,","83N,","1396E,","20,","1007,","DB,"
"13,","2019082500,","87N,","1388E,","20,","1007,","DB,"
"13,","2019082506,","92N,","1380E,","20,","1005,","DB,"
"13,","2019082512,","104N,","1368E,","20,","1005,","DB,"
"13,","2019082518,","117N,","1353E,","20,","1004,","DB,"
"13,","2019082600,","128N,","1337E,","20,","1003,","DB,"
"13,","2019082606,","133N,","1319E,","20,","1002,","DB,"
"13,","2019082612,","137N,","1296E,","25,","1001,","TD,"
"13,","2019082618,","143N,","1281E,","25,","1004,","TD,"
"13,","2019082700,","147N,","1267E,","25,","1004,","TD,"
"13,","2019082706,","152N,","1248E,","25,","1002,","TD,"
"13,","2019082709,","158N,","1240E,","25,","1002,","TD,"
"13,","2019082712,","160N,","1229E,","25,","1004,","TD,"
"13,","2019082718,","163N,","1206E,","25,","999,","TD,"
"13,","2019082800,","167N,","1180E,","35,","999,","TS,"
"13,","2019082806,","168N,","1164E,","35,","1000,","TS,"
"13,","2019082812,","171N,","1148E,","35,","1000,","TS,"
"13,","2019082818,","173N,","1132E,","35,","994,","TS,"
"13,","2019082900,","175N,","1116E,","40,","995,","TS,"
"13,","2019082906,","175N,","1097E,","40,","993,","TS,"
"13,","2019082912,","177N,","1080E,","40,","994,","TS,"
"13,","2019082918,","172N,","1064E,","30,","995,","TD,"
"13,","2019083000,","165N,","1045E,","20,","1000,","DB,"
"13,","2019083006,","166N,","1036E,","20,","1002,","DB,"
"13,","2019083012,","168N,","1030E,","15,","1004,","DB,"
"13,","2019083018,","173N,","1025E,","15,","1005,","DB,"
"13,","2019083100,","179N,","1021E,","15,","1006,","DB,"
"14,","2019083006,","138N,","1799W,","15,","1010,","DB,"
"14,","2019083012,","139N,","1791E,","15,","0,","DB,"
"14,","2019083018,","140N,","1781E,","15,","1009,","DB,"
"14,","2019083100,","144N,","1774E,","15,","1009,","DB,"
"14,","2019083106,","145N,","1764E,","20,","1007,","DB,"
"14,","2019083112,","145N,","1748E,","20,","1007,","DB,"
"14,","2019083118,","149N,","1733E,","20,","1010,","DB,"
"14,","2019090100,","149N,","1722E,","20,","1007,","DB,"
"14,","2019090106,","153N,","1714E,","25,","1008,","TD,"
"14,","2019090112,","153N,","1704E,","30,","1007,","TD,"
"14,","2019090118,","154N,","1694E,","30,","1005,","TD,"
"14,","2019090200,","159N,","1679E,","30,","1003,","TD,"
"14,","2019090206,","164N,","1662E,","30,","1005,","TD,"
"14,","2019090212,","166N,","1649E,","30,","1009,","TD,"
"14,","2019090218,","168N,","1638E,","35,","1005,","TS,"
"14,","2019090300,","170N,","1627E,","35,","1003,","TS,"
"14,","2019090306,","169N,","1614E,","35,","1005,","TS,"
"14,","2019090312,","169N,","1605E,","35,","1004,","TS,"
"14,","2019090318,","172N,","1599E,","35,","1005,","TS,"
"14,","2019090400,","176N,","1593E,","35,","1000,","TS,"
"14,","2019090406,","182N,","1584E,","35,","1001,","TS,"
"14,","2019090412,","182N,","1574E,","35,","1001,","TS,"
"14,","2019090418,","185N,","1567E,","35,","1002,","TS,"
"14,","2019090500,","193N,","1562E,","40,","998,","TS,"
"14,","2019090506,","201N,","1552E,","45,","996,","TS,"
"14,","2019090512,","209N,","1541E,","50,","994,","TS,"
"14,","2019090512,","209N,","1541E,","50,","994,","TS,"
"14,","2019090518,","217N,","1530E,","55,","991,","TS,"
"14,","2019090518,","217N,","1530E,","55,","991,","TS,"
"14,","2019090600,","228N,","1519E,","60,","988,","TS,"
"14,","2019090600,","228N,","1519E,","60,","988,","TS,"
"14,","2019090606,","238N,","1499E,","65,","984,","TY,"
"14,","2019090606,","238N,","1499E,","65,","984,","TY,"
"14,","2019090606,","238N,","1499E,","65,","984,","TY,"
"14,","2019090612,","247N,","1481E,","65,","984,","TY,"
"14,","2019090612,","247N,","1481E,","65,","984,","TY,"
"14,","2019090612,","247N,","1481E,","65,","984,","TY,"
"14,","2019090618,","258N,","1464E,","70,","979,","TY,"
"14,","2019090618,","258N,","1464E,","70,","979,","TY,"
"14,","2019090618,","258N,","1464E,","70,","979,","TY,"
"14,","2019090700,","268N,","1448E,","85,","968,","TY,"
"14,","2019090700,","268N,","1448E,","85,","968,","TY,"
"14,","2019090700,","268N,","1448E,","85,","968,","TY,"
"14,","2019090706,","279N,","1432E,","100,","956,","TY,"
"14,","2019090706,","279N,","1432E,","100,","956,","TY,"
"14,","2019090706,","279N,","1432E,","100,","956,","TY,"
"14,","2019090712,","289N,","1418E,","110,","948,","TY,"
"14,","2019090712,","289N,","1418E,","110,","948,","TY,"
"14,","2019090712,","289N,","1418E,","110,","948,","TY,"
"14,","2019090718,","301N,","1405E,","115,","942,","TY,"
"14,","2019090718,","301N,","1405E,","115,","942,","TY,"
"14,","2019090718,","301N,","1405E,","115,","942,","TY,"
"14,","2019090800,","315N,","1396E,","115,","942,","TY,"
"14,","2019090800,","315N,","1396E,","115,","942,","TY,"
"14,","2019090800,","315N,","1396E,","115,","942,","TY,"
"14,","2019090806,","330N,","1390E,","115,","940,","TY,"
"14,","2019090806,","330N,","1390E,","115,","940,","TY,"
"14,","2019090806,","330N,","1390E,","115,","940,","TY,"
"14,","2019090812,","341N,","1391E,","100,","952,","TY,"
"14,","2019090812,","341N,","1391E,","100,","952,","TY,"
"14,","2019090812,","341N,","1391E,","100,","952,","TY,"
"14,","2019090818,","353N,","1397E,","90,","958,","TY,"
"14,","2019090818,","353N,","1397E,","90,","958,","TY,"
"14,","2019090818,","353N,","1397E,","90,","958,","TY,"
"14,","2019090900,","363N,","1411E,","75,","982,","TY,"
"14,","2019090900,","363N,","1411E,","75,","982,","TY,"
"14,","2019090900,","363N,","1411E,","75,","982,","TY,"
"14,","2019090906,","373N,","1426E,","65,","980,","TY,"
"14,","2019090906,","373N,","1426E,","65,","980,","TY,"
"14,","2019090906,","373N,","1426E,","65,","980,","TY,"
"14,","2019090912,","382N,","1444E,","55,","986,","TS,"
"14,","2019090912,","382N,","1444E,","55,","986,","TS,"
"14,","2019090918,","390N,","1464E,","45,","993,","TS,"
"14,","2019091000,","399N,","1487E,","40,","992,","EX,"
"14,","2019091006,","406N,","1518E,","40,","996,","EX,"
"14,","2019091012,","417N,","1546E,","35,","998,","EX,"
"14,","2019091018,","424N,","1583E,","35,","999,","EX,"
"15,","2019083012,","64N,","1360E,","15,","1010,","DB,"
"15,","2019083018,","64N,","1347E,","15,","1010,","DB,"
"15,","2019083100,","65N,","1336E,","15,","1010,","DB,"
"15,","2019083106,","70N,","1327E,","15,","1004,","DB,"
"15,","2019083112,","78N,","1317E,","20,","1005,","DB,"
"15,","2019083118,","92N,","1304E,","20,","1004,","DB,"
"15,","2019090100,","105N,","1292E,","20,","1004,","DB,"
"15,","2019090106,","117N,","1283E,","20,","1004,","DB,"
"15,","2019090112,","132N,","1274E,","25,","1007,","TD,"
"15,","2019090118,","144N,","1263E,","25,","1005,","TD,"
"15,","2019090200,","158N,","1254E,","30,","1005,","TD,"
"15,","2019090206,","169N,","1250E,","35,","1000,","TS,"
"15,","2019090212,","180N,","1244E,","40,","1001,","TS,"
"15,","2019090218,","190N,","1241E,","45,","998,","TS,"
"15,","2019090300,","198N,","1239E,","50,","994,","TS,"
"15,","2019090300,","198N,","1239E,","50,","994,","TS,"
"15,","2019090306,","207N,","1241E,","65,","983,","TY,"
"15,","2019090306,","207N,","1241E,","65,","983,","TY,"
"15,","2019090312,","213N,","1242E,","70,","979,","TY,"
"15,","2019090312,","213N,","1242E,","70,","979,","TY,"
"15,","2019090312,","213N,","1242E,","70,","979,","TY,"
"15,","2019090318,","218N,","1243E,","70,","979,","TY,"
"15,","2019090318,","218N,","1243E,","70,","979,","TY,"
"15,","2019090318,","218N,","1243E,","70,","979,","TY,"
"15,","2019090400,","221N,","1246E,","80,","971,","TY,"
"15,","2019090400,","221N,","1246E,","80,","971,","TY,"
"15,","2019090400,","221N,","1246E,","80,","971,","TY,"
"15,","2019090406,","224N,","1251E,","85,","965,","TY,"
"15,","2019090406,","224N,","1251E,","85,","965,","TY,"
"15,","2019090406,","224N,","1251E,","85,","965,","TY,"
"15,","2019090412,","230N,","1254E,","90,","961,","TY,"
"15,","2019090412,","230N,","1254E,","90,","961,","TY,"
"15,","2019090412,","230N,","1254E,","90,","961,","TY,"
"15,","2019090418,","236N,","1254E,","105,","947,","TY,"
"15,","2019090418,","236N,","1254E,","105,","947,","TY,"
"15,","2019090418,","236N,","1254E,","105,","947,","TY,"
"15,","2019090500,","242N,","1253E,","115,","930,","TY,"
"15,","2019090500,","242N,","1253E,","115,","930,","TY,"
"15,","2019090500,","242N,","1253E,","115,","930,","TY,"
"15,","2019090506,","250N,","1253E,","115,","934,","TY,"
"15,","2019090506,","250N,","1253E,","115,","934,","TY,"
"15,","2019090506,","250N,","1253E,","115,","934,","TY,"
"15,","2019090512,","257N,","1253E,","120,","931,","TY,"
"15,","2019090512,","257N,","1253E,","120,","931,","TY,"
"15,","2019090512,","257N,","1253E,","120,","931,","TY,"
"15,","2019090518,","269N,","1252E,","120,","928,","TY,"
"15,","2019090518,","269N,","1252E,","120,","928,","TY,"
"15,","2019090518,","269N,","1252E,","120,","928,","TY,"
"15,","2019090600,","281N,","1251E,","115,","935,","TY,"
"15,","2019090600,","281N,","1251E,","115,","935,","TY,"
"15,","2019090600,","281N,","1251E,","115,","935,","TY,"
"15,","2019090606,","296N,","1252E,","110,","936,","TY,"
"15,","2019090606,","296N,","1252E,","110,","936,","TY,"
"15,","2019090606,","296N,","1252E,","110,","936,","TY,"
"15,","2019090612,","312N,","1251E,","100,","944,","TY,"
"15,","2019090612,","312N,","1251E,","100,","944,","TY,"
"15,","2019090612,","312N,","1251E,","100,","944,","TY,"
"15,","2019090618,","333N,","1248E,","90,","951,","TY,"
"15,","2019090618,","333N,","1248E,","90,","951,","TY,"
"15,","2019090618,","333N,","1248E,","90,","951,","TY,"
"15,","2019090700,","356N,","1247E,","75,","962,","TY,"
"15,","2019090700,","356N,","1247E,","75,","962,","TY,"
"15,","2019090700,","356N,","1247E,","75,","962,","TY,"
"15,","2019090706,","378N,","1251E,","65,","969,","TY,"
"15,","2019090706,","378N,","1251E,","65,","969,","TY,"
"15,","2019090706,","378N,","1251E,","65,","969,","TY,"
"15,","2019090712,","407N,","1265E,","50,","977,","TS,"
"15,","2019090712,","407N,","1265E,","50,","977,","TS,"
"15,","2019090718,","444N,","1289E,","35,","992,","EX,"
"16,","2019083100,","189N,","1227E,","15,","1004,","DB,"
"16,","2019083106,","191N,","1214E,","20,","1003,","DB,"
"16,","2019083112,","188N,","1198E,","20,","1005,","DB,"
"16,","2019083118,","188N,","1182E,","25,","1002,","TD,"
"16,","2019090100,","188N,","1168E,","25,","1002,","TD,"
"16,","2019090106,","188N,","1153E,","25,","1002,","TD,"
"16,","2019090112,","189N,","1136E,","30,","1001,","TD,"
"16,","2019090118,","190N,","1118E,","30,","1001,","TD,"
"16,","2019090200,","189N,","1104E,","30,","1001,","TD,"
"16,","2019090206,","182N,","1093E,","30,","1000,","TD,"
"16,","2019090212,","172N,","1082E,","35,","997,","TS,"
"16,","2019090218,","167N,","1074E,","35,","993,","TS,"
"16,","2019090300,","156N,","1065E,","25,","998,","TD,"
"16,","2019090306,","161N,","1063E,","25,","1004,","TD,"
"17,","2019091206,","91N,","1620E,","10,","0,","DB,"
"17,","2019091212,","96N,","1606E,","15,","1010,","DB,"
"17,","2019091218,","101N,","1592E,","15,","1010,","DB,"
"17,","2019091300,","111N,","1582E,","20,","1009,","DB,"
"17,","2019091306,","120N,","1570E,","20,","1009,","DB,"
"17,","2019091312,","130N,","1555E,","20,","1005,","DB,"
"17,","2019091318,","133N,","1539E,","20,","1007,","DB,"
"17,","2019091400,","134N,","1529E,","20,","1006,","DB,"
"17,","2019091406,","139N,","1519E,","20,","1003,","DB,"
"17,","2019091412,","143N,","1511E,","25,","1004,","TD,"
"17,","2019091418,","146N,","1505E,","25,","1004,","TD,"
"17,","2019091500,","155N,","1498E,","30,","1000,","TD,"
"17,","2019091506,","166N,","1489E,","30,","999,","TD,"
"17,","2019091512,","176N,","1479E,","35,","999,","TS,"
"17,","2019091518,","196N,","1468E,","30,","1000,","TD,"
"17,","2019091600,","213N,","1454E,","30,","1002,","TD,"
"17,","2019091606,","233N,","1445E,","25,","1003,","TD,"
"17,","2019091612,","248N,","1431E,","20,","1003,","DB,"
"17,","2019091618,","269N,","1425E,","20,","1003,","DB,"
"17,","2019091700,","289N,","1427E,","20,","1002,","DB,"
"17,","2019091706,","309N,","1435E,","20,","1001,","DB,"
"18,","2019091700,","202N,","1287E,","20,","1007,","DB,"
"18,","2019091706,","206N,","1288E,","20,","1007,","DB,"
"18,","2019091712,","210N,","1288E,","20,","1007,","DB,"
"18,","2019091718,","213N,","1288E,","20,","1007,","DB,"
"18,","2019091800,","216N,","1289E,","20,","1003,","DB,"
"18,","2019091806,","218N,","1291E,","20,","1001,","DB,"
"18,","2019091812,","221N,","1293E,","20,","1000,","DB,"
"18,","2019091818,","223N,","1290E,","25,","1000,","TD,"
"18,","2019091900,","224N,","1287E,","30,","999,","TD,"
"18,","2019091903,","223N,","1286E,","30,","997,","TD,"
"18,","2019091906,","224N,","1287E,","30,","993,","TD,"
"18,","2019091909,","227N,","1288E,","35,","993,","TS,"
"18,","2019091912,","228N,","1283E,","40,","990,","TS,"
"18,","2019091918,","229N,","1277E,","40,","993,","TS,"
"18,","2019092000,","230N,","1274E,","50,","986,","TS,"
"18,","2019092000,","230N,","1274E,","50,","986,","TS,"
"18,","2019092006,","233N,","1271E,","50,","978,","TS,"
"18,","2019092006,","233N,","1271E,","50,","978,","TS,"
"18,","2019092012,","241N,","1269E,","55,","976,","TS,"
"18,","2019092012,","241N,","1269E,","55,","976,","TS,"
"18,","2019092018,","251N,","1264E,","60,","970,","TS,"
"18,","2019092018,","251N,","1264E,","60,","970,","TS,"
"18,","2019092100,","263N,","1257E,","60,","972,","TS,"
"18,","2019092100,","263N,","1257E,","60,","972,","TS,"
"18,","2019092106,","275N,","1256E,","65,","969,","TY,"
"18,","2019092106,","275N,","1256E,","65,","969,","TY,"
"18,","2019092112,","285N,","1256E,","65,","967,","TY,"
"18,","2019092112,","285N,","1256E,","65,","967,","TY,"
"18,","2019092118,","296N,","1260E,","65,","970,","TY,"
"18,","2019092118,","296N,","1260E,","65,","970,","TY,"
"18,","2019092200,","310N,","1266E,","55,","977,","TS,"
"18,","2019092200,","310N,","1266E,","55,","977,","TS,"
"18,","2019092206,","327N,","1279E,","55,","979,","TS,"
"18,","2019092206,","327N,","1279E,","55,","979,","TS,"
"18,","2019092212,","341N,","1296E,","60,","976,","TS,"
"18,","2019092212,","341N,","1296E,","60,","976,","TS,"
"18,","2019092218,","354N,","1315E,","50,","983,","TS,"
"18,","2019092218,","354N,","1315E,","50,","983,","TS,"
"18,","2019092300,","383N,","1351E,","45,","986,","EX,"
"18,","2019092306,","409N,","1386E,","40,","988,","EX,"
"19,","2019092518,","123N,","1493E,","15,","1009,","DB,"
"19,","2019092600,","121N,","1471E,","15,","1010,","DB,"
"19,","2019092606,","124N,","1451E,","15,","1010,","DB,"
"19,","2019092612,","128N,","1431E,","15,","1010,","DB,"
"19,","2019092618,","132N,","1411E,","20,","1007,","DB,"
"19,","2019092700,","138N,","1389E,","20,","1007,","DB,"
"19,","2019092706,","140N,","1374E,","25,","1006,","TD,"
"19,","2019092712,","144N,","1359E,","35,","1005,","TS,"
"19,","2019092718,","150N,","1342E,","40,","1003,","TS,"
"19,","2019092800,","161N,","1323E,","40,","1003,","TS,"
"19,","2019092806,","172N,","1305E,","45,","1001,","TS,"
"19,","2019092812,","177N,","1289E,","45,","1000,","TS,"
"19,","2019092818,","180N,","1277E,","45,","997,","TS,"
"19,","2019092900,","186N,","1265E,","50,","996,","TS,"
"19,","2019092900,","186N,","1265E,","50,","996,","TS,"
"19,","2019092906,","196N,","1257E,","60,","989,","TS,"
"19,","2019092906,","196N,","1257E,","60,","989,","TS,"
"19,","2019092912,","204N,","1247E,","65,","986,","TY,"
"19,","2019092912,","204N,","1247E,","65,","986,","TY,"
"19,","2019092912,","204N,","1247E,","65,","986,","TY,"
"19,","2019092918,","210N,","1236E,","65,","983,","TY,"
"19,","2019092918,","210N,","1236E,","65,","983,","TY,"
"19,","2019092918,","210N,","1236E,","65,","983,","TY,"
"19,","2019092921,","212N,","1232E,","65,","983,","TY,"
"19,","2019092921,","212N,","1232E,","65,","983,","TY,"
"19,","2019092921,","212N,","1232E,","65,","983,","TY,"
"19,","2019093000,","218N,","1230E,","70,","980,","TY,"
"19,","2019093000,","218N,","1230E,","70,","980,","TY,"
"19,","2019093000,","218N,","1230E,","70,","980,","TY,"
"19,","2019093006,","228N,","1230E,","85,","968,","TY,"
"19,","2019093006,","228N,","1230E,","85,","968,","TY,"
"19,","2019093006,","228N,","1230E,","85,","968,","TY,"
"19,","2019093012,","246N,","1229E,","90,","961,","TY,"
"19,","2019093012,","246N,","1229E,","90,","961,","TY,"
"19,","2019093012,","246N,","1229E,","90,","961,","TY,"
"19,","2019093018,","260N,","1222E,","85,","966,","TY,"
"19,","2019093018,","260N,","1222E,","85,","966,","TY,"
"19,","2019093018,","260N,","1222E,","85,","966,","TY,"
"19,","2019100100,","273N,","1221E,","70,","977,","TY,"
"19,","2019100100,","273N,","1221E,","70,","977,","TY,"
"19,","2019100100,","273N,","1221E,","70,","977,","TY,"
"19,","2019100106,","286N,","1223E,","65,","980,","TY,"
"19,","2019100106,","286N,","1223E,","65,","980,","TY,"
"19,","2019100106,","286N,","1223E,","65,","980,","TY,"
"19,","2019100112,","301N,","1225E,","60,","983,","TS,"
"19,","2019100112,","301N,","1225E,","60,","983,","TS,"
"19,","2019100118,","308N,","1228E,","55,","985,","TS,"
"19,","2019100118,","308N,","1228E,","55,","985,","TS,"
"19,","2019100200,","321N,","1238E,","45,","992,","TS,"
"19,","2019100206,","333N,","1248E,","45,","991,","TS,"
"19,","2019100212,","343N,","1264E,","40,","995,","TS,"
"19,","2019100218,","358N,","1281E,","40,","995,","TS,"
"19,","2019100300,","375N,","1300E,","45,","992,","TS,"
"19,","2019100306,","381N,","1315E,","45,","988,","TS,"
"19,","2019100312,","387N,","1329E,","50,","986,","TS,"
"19,","2019100312,","387N,","1329E,","50,","986,","TS,"
"19,","2019100318,","390N,","1343E,","45,","985,","EX,"
"19,","2019100400,","390N,","1364E,","45,","985,","EX,"
"19,","2019100406,","388N,","1387E,","45,","986,","EX,"
"19,","2019100412,","385N,","1414E,","35,","993,","EX,"
"20,","2019100412,","158N,","1646E,","15,","1010,","DB,"
"20,","2019100418,","157N,","1636E,","20,","1006,","DB,"
"20,","2019100500,","153N,","1623E,","25,","1005,","TD,"
"20,","2019100506,","151N,","1612E,","25,","1005,","TD,"
"20,","2019100512,","151N,","1594E,","30,","1004,","TD,"
"20,","2019100518,","150N,","1576E,","35,","1003,","TS,"
"20,","2019100600,","145N,","1558E,","45,","998,","TS,"
"20,","2019100606,","143N,","1541E,","50,","995,","TS,"
"20,","2019100606,","143N,","1541E,","50,","995,","TS,"
"20,","2019100612,","146N,","1526E,","60,","988,","TS,"
"20,","2019100612,","146N,","1526E,","60,","988,","TS,"
"20,","2019100618,","149N,","1511E,","70,","982,","TY,"
"20,","2019100618,","149N,","1511E,","70,","982,","TY,"
"20,","2019100618,","149N,","1511E,","70,","982,","TY,"
"20,","2019100700,","152N,","1495E,","105,","953,","TY,"
"20,","2019100700,","152N,","1495E,","105,","953,","TY,"
"20,","2019100700,","152N,","1495E,","105,","953,","TY,"
"20,","2019100706,","156N,","1482E,","140,","921,","ST,"
"20,","2019100706,","156N,","1482E,","140,","921,","ST,"
"20,","2019100706,","156N,","1482E,","140,","921,","ST,"
"20,","2019100710,","159N,","1470E,","160,","898,","ST,"
"20,","2019100710,","159N,","1470E,","160,","898,","ST,"
"20,","2019100710,","159N,","1470E,","160,","898,","ST,"
"20,","2019100712,","161N,","1466E,","160,","890,","ST,"
"20,","2019100712,","161N,","1466E,","160,","890,","ST,"
"20,","2019100712,","161N,","1466E,","160,","890,","ST,"
"20,","2019100718,","165N,","1450E,","145,","909,","ST,"
"20,","2019100718,","165N,","1450E,","145,","909,","ST,"
"20,","2019100718,","165N,","1450E,","145,","909,","ST,"
"20,","2019100800,","169N,","1437E,","130,","926,","ST,"
"20,","2019100800,","169N,","1437E,","130,","926,","ST,"
"20,","2019100800,","169N,","1437E,","130,","926,","ST,"
"20,","2019100806,","177N,","1427E,","120,","936,","TY,"
"20,","2019100806,","177N,","1427E,","120,","936,","TY,"
"20,","2019100806,","177N,","1427E,","120,","936,","TY,"
"20,","2019100812,","184N,","1418E,","125,","928,","TY,"
"20,","2019100812,","184N,","1418E,","125,","928,","TY,"
"20,","2019100812,","184N,","1418E,","125,","928,","TY,"
"20,","2019100818,","192N,","1409E,","140,","909,","ST,"
"20,","2019100818,","192N,","1409E,","140,","909,","ST,"
"20,","2019100818,","192N,","1409E,","140,","909,","ST,"
"20,","2019100900,","198N,","1404E,","145,","902,","ST,"
"20,","2019100900,","198N,","1404E,","145,","902,","ST,"
"20,","2019100900,","198N,","1404E,","145,","902,","ST,"
"20,","2019100904,","203N,","1401E,","150,","896,","ST,"
"20,","2019100904,","203N,","1401E,","150,","896,","ST,"
"20,","2019100904,","203N,","1401E,","150,","896,","ST,"
"20,","2019100906,","206N,","1399E,","145,","904,","ST,"
"20,","2019100906,","206N,","1399E,","145,","904,","ST,"
"20,","2019100906,","206N,","1399E,","145,","904,","ST,"
"20,","2019100912,","212N,","1396E,","140,","910,","ST,"
"20,","2019100912,","212N,","1396E,","140,","910,","ST,"
"20,","2019100912,","212N,","1396E,","140,","910,","ST,"
"20,","2019100918,","220N,","1398E,","135,","911,","ST,"
"20,","2019100918,","220N,","1398E,","135,","911,","ST,"
"20,","2019100918,","220N,","1398E,","135,","911,","ST,"
"20,","2019101000,","232N,","1399E,","130,","916,","ST,"
"20,","2019101000,","232N,","1399E,","130,","916,","ST,"
"20,","2019101000,","232N,","1399E,","130,","916,","ST,"
"20,","2019101006,","244N,","1395E,","130,","917,","ST,"
"20,","2019101006,","244N,","1395E,","130,","917,","ST,"
"20,","2019101006,","244N,","1395E,","130,","917,","ST,"
"20,","2019101012,","253N,","1390E,","125,","920,","TY,"
"20,","2019101012,","253N,","1390E,","125,","920,","TY,"
"20,","2019101012,","253N,","1390E,","125,","920,","TY,"
"20,","2019101018,","263N,","1385E,","120,","923,","TY,"
"20,","2019101018,","263N,","1385E,","120,","923,","TY,"
"20,","2019101018,","263N,","1385E,","120,","923,","TY,"
"20,","2019101100,","275N,","1380E,","115,","933,","TY,"
"20,","2019101100,","275N,","1380E,","115,","933,","TY,"
"20,","2019101100,","275N,","1380E,","115,","933,","TY,"
"20,","2019101106,","286N,","1375E,","110,","933,","TY,"
"20,","2019101106,","286N,","1375E,","110,","933,","TY,"
"20,","2019101106,","286N,","1375E,","110,","933,","TY,"
"20,","2019101112,","299N,","1371E,","105,","935,","TY,"
"20,","2019101112,","299N,","1371E,","105,","935,","TY,"
"20,","2019101112,","299N,","1371E,","105,","935,","TY,"
"20,","2019101118,","308N,","1369E,","100,","942,","TY,"
"20,","2019101118,","308N,","1369E,","100,","942,","TY,"
"20,","2019101118,","308N,","1369E,","100,","942,","TY,"
"20,","2019101200,","321N,","1373E,","95,","948,","TY,"
"20,","2019101200,","321N,","1373E,","95,","948,","TY,"
"20,","2019101200,","321N,","1373E,","95,","948,","TY,"
"20,","2019101206,","337N,","1382E,","85,","951,","TY,"
"20,","2019101206,","337N,","1382E,","85,","951,","TY,"
"20,","2019101206,","337N,","1382E,","85,","951,","TY,"
"20,","2019101212,","356N,","1393E,","75,","960,","TY,"
"20,","2019101212,","356N,","1393E,","75,","960,","TY,"
"20,","2019101212,","356N,","1393E,","75,","960,","TY,"
"20,","2019101218,","383N,","1420E,","65,","970,","TY,"
"20,","2019101218,","383N,","1420E,","65,","970,","TY,"
"20,","2019101218,","383N,","1420E,","65,","970,","TY,"
"20,","2019101300,","401N,","1454E,","55,","976,","EX,"
"20,","2019101300,","401N,","1454E,","55,","976,","EX,"
"20,","2019101306,","422N,","1506E,","50,","980,","EX,"
"20,","2019101306,","422N,","1506E,","50,","980,","EX,"
"20,","2019101312,","442N,","1567E,","45,","983,","EX,"
"21,","2019101500,","159N,","1362E,","15,","0,","DB,"
"21,","2019101506,","161N,","1354E,","15,","0,","DB,"
"21,","2019101512,","163N,","1345E,","20,","1004,","DB,"
"21,","2019101518,","167N,","1337E,","25,","1003,","TD,"
"21,","2019101600,","171N,","1326E,","25,","1003,","TD,"
"21,","2019101606,","176N,","1316E,","25,","1003,","TD,"
"21,","2019101612,","178N,","1305E,","25,","1002,","TD,"
"21,","2019101618,","182N,","1300E,","30,","1001,","TD,"
"21,","2019101700,","187N,","1299E,","30,","1001,","TD,"
"21,","2019101706,","191N,","1299E,","35,","1000,","TS,"
"21,","2019101712,","194N,","1300E,","40,","999,","TS,"
"21,","2019101718,","196N,","1300E,","40,","1004,","TS,"
"21,","2019101800,","198N,","1297E,","45,","1001,","TS,"
"21,","2019101806,","200N,","1295E,","45,","998,","TS,"
"21,","2019101812,","204N,","1292E,","50,","998,","TS,"
"21,","2019101818,","208N,","1285E,","55,","994,","TS,"
"21,","2019101818,","208N,","1285E,","55,","994,","TS,"
"21,","2019101900,","211N,","1279E,","60,","991,","TS,"
"21,","2019101900,","211N,","1279E,","60,","991,","TS,"
"21,","2019101906,","215N,","1274E,","65,","988,","TY,"
"21,","2019101906,","215N,","1274E,","65,","988,","TY,"
"21,","2019101906,","215N,","1274E,","65,","988,","TY,"
"21,","2019101912,","218N,","1273E,","75,","980,","TY,"
"21,","2019101912,","218N,","1273E,","75,","980,","TY,"
"21,","2019101912,","218N,","1273E,","75,","980,","TY,"
"21,","2019101918,","226N,","1275E,","95,","964,","TY,"
"21,","2019101918,","226N,","1275E,","95,","964,","TY,"
"21,","2019101918,","226N,","1275E,","95,","964,","TY,"
"21,","2019102000,","233N,","1280E,","90,","971,","TY,"
"21,","2019102000,","233N,","1280E,","90,","971,","TY,"
"21,","2019102000,","233N,","1280E,","90,","971,","TY,"
"21,","2019102006,","245N,","1292E,","80,","975,","TY,"
"21,","2019102006,","245N,","1292E,","80,","975,","TY,"
"21,","2019102006,","245N,","1292E,","80,","975,","TY,"
"21,","2019102012,","254N,","1301E,","65,","985,","TY,"
"21,","2019102012,","254N,","1301E,","65,","985,","TY,"
"21,","2019102012,","254N,","1301E,","65,","985,","TY,"
"21,","2019102018,","270N,","1316E,","55,","992,","TS,"
"21,","2019102018,","270N,","1316E,","55,","992,","TS,"
"21,","2019102100,","287N,","1332E,","50,","994,","TS,"
"21,","2019102100,","287N,","1332E,","50,","994,","TS,"
"21,","2019102106,","303N,","1344E,","45,","995,","TS,"
"21,","2019102112,","310N,","1356E,","40,","998,","TS,"
"21,","2019102118,","319N,","1369E,","40,","995,","TS,"
"21,","2019102200,","324N,","1382E,","40,","996,","TS,"
"22,","2019101706,","79N,","1686E,","15,","1009,","WV,"
"22,","2019101712,","79N,","1669E,","15,","1010,","WV,"
"22,","2019101718,","79N,","1652E,","15,","1010,","WV,"
"22,","2019101800,","82N,","1636E,","20,","1009,","DB,"
"22,","2019101806,","88N,","1618E,","20,","1007,","DB,"
"22,","2019101812,","91N,","1601E,","20,","1010,","DB,"
"22,","2019101818,","96N,","1584E,","25,","1011,","TD,"
"22,","2019101900,","101N,","1567E,","30,","1007,","TD,"
"22,","2019101906,","106N,","1549E,","40,","1004,","TS,"
"22,","2019101912,","110N,","1537E,","45,","1002,","TS,"
"22,","2019101918,","113N,","1523E,","55,","997,","TS,"
"22,","2019101918,","113N,","1523E,","55,","997,","TS,"
"22,","2019102000,","117N,","1513E,","60,","995,","TS,"
"22,","2019102000,","117N,","1513E,","60,","995,","TS,"
"22,","2019102006,","122N,","1504E,","65,","988,","TY,"
"22,","2019102006,","122N,","1504E,","65,","988,","TY,"
"22,","2019102006,","122N,","1504E,","65,","988,","TY,"
"22,","2019102012,","127N,","1497E,","70,","984,","TY,"
"22,","2019102012,","127N,","1497E,","70,","984,","TY,"
"22,","2019102012,","127N,","1497E,","70,","984,","TY,"
"22,","2019102018,","132N,","1491E,","75,","981,","TY,"
"22,","2019102018,","132N,","1491E,","75,","981,","TY,"
"22,","2019102018,","132N,","1491E,","75,","981,","TY,"
"22,","2019102100,","140N,","1482E,","90,","970,","TY,"
"22,","2019102100,","140N,","1482E,","90,","970,","TY,"
"22,","2019102100,","140N,","1482E,","90,","970,","TY,"
"22,","2019102106,","147N,","1476E,","100,","962,","TY,"
"22,","2019102106,","147N,","1476E,","100,","962,","TY,"
"22,","2019102106,","147N,","1476E,","100,","962,","TY,"
"22,","2019102112,","154N,","1468E,","110,","954,","TY,"
"22,","2019102112,","154N,","1468E,","110,","954,","TY,"
"22,","2019102112,","154N,","1468E,","110,","954,","TY,"
"22,","2019102118,","163N,","1460E,","115,","947,","TY,"
"22,","2019102118,","163N,","1460E,","115,","947,","TY,"
"22,","2019102118,","163N,","1460E,","115,","947,","TY,"
"22,","2019102200,","171N,","1450E,","120,","946,","TY,"
"22,","2019102200,","171N,","1450E,","120,","946,","TY,"
"22,","2019102200,","171N,","1450E,","120,","946,","TY,"
"22,","2019102206,","182N,","1444E,","130,","933,","ST,"
"22,","2019102206,","182N,","1444E,","130,","933,","ST,"
"22,","2019102206,","182N,","1444E,","130,","933,","ST,"
"22,","2019102209,","187N,","1440E,","140,","922,","ST,"
"22,","2019102209,","187N,","1440E,","140,","922,","ST,"
"22,","2019102209,","187N,","1440E,","140,","922,","ST,"
"22,","2019102212,","192N,","1435E,","135,","929,","ST,"
"22,","2019102212,","192N,","1435E,","135,","929,","ST,"
"22,","2019102212,","192N,","1435E,","135,","929,","ST,"
"22,","2019102218,","204N,","1431E,","125,","938,","TY,"
"22,","2019102218,","204N,","1431E,","125,","938,","TY,"
"22,","2019102218,","204N,","1431E,","125,","938,","TY,"
"22,","2019102300,","217N,","1423E,","115,","950,","TY,"
"22,","2019102300,","217N,","1423E,","115,","950,","TY,"
"22,","2019102300,","217N,","1423E,","115,","950,","TY,"
"22,","2019102306,","228N,","1420E,","105,","956,","TY,"
"22,","2019102306,","228N,","1420E,","105,","956,","TY,"
"22,","2019102306,","228N,","1420E,","105,","956,","TY,"
"22,","2019102312,","240N,","1419E,","105,","956,","TY,"
"22,","2019102312,","240N,","1419E,","105,","956,","TY,"
"22,","2019102312,","240N,","1419E,","105,","956,","TY,"
"22,","2019102318,","254N,","1419E,","105,","954,","TY,"
"22,","2019102318,","254N,","1419E,","105,","954,","TY,"
"22,","2019102318,","254N,","1419E,","105,","954,","TY,"
"22,","2019102400,","268N,","1421E,","95,","962,","TY,"
"22,","2019102400,","268N,","1421E,","95,","962,","TY,"
"22,","2019102400,","268N,","1421E,","95,","962,","TY,"
"22,","2019102406,","281N,","1427E,","90,","966,","TY,"
"22,","2019102406,","281N,","1427E,","90,","966,","TY,"
"22,","2019102406,","281N,","1427E,","90,","966,","TY,"
"22,","2019102412,","293N,","1435E,","90,","964,","TY,"
"22,","2019102412,","293N,","1435E,","90,","964,","TY,"
"22,","2019102412,","293N,","1435E,","90,","964,","TY,"
"22,","2019102418,","307N,","1447E,","80,","973,","TY,"
"22,","2019102418,","307N,","1447E,","80,","973,","TY,"
"22,","2019102418,","307N,","1447E,","80,","973,","TY,"
"22,","2019102500,","322N,","1463E,","70,","980,","TY,"
"22,","2019102500,","322N,","1463E,","70,","980,","TY,"
"22,","2019102500,","322N,","1463E,","70,","980,","TY,"
"22,","2019102506,","338N,","1481E,","60,","981,","TS,"
"22,","2019102506,","338N,","1481E,","60,","981,","TS,"
"22,","2019102512,","350N,","1498E,","55,","983,","EX,"
"22,","2019102512,","350N,","1498E,","55,","983,","EX,"
"23,","2019102812,","106N,","1182E,","20,","1007,","DB,"
"23,","2019102818,","107N,","1175E,","20,","1007,","DB,"
"23,","2019102900,","112N,","1163E,","20,","1009,","DB,"
"23,","2019102906,","116N,","1150E,","25,","1004,","TD,"
"23,","2019102912,","121N,","1141E,","25,","1004,","TD,"
"23,","2019102918,","127N,","1131E,","30,","1003,","TD,"
"23,","2019103000,","130N,","1120E,","40,","999,","TS,"
"23,","2019103006,","131N,","1108E,","45,","995,","TS,"
"23,","2019103012,","133N,","1100E,","50,","993,","TS,"
"23,","2019103012,","133N,","1100E,","50,","993,","TS,"
"23,","2019103015,","134N,","1094E,","55,","990,","TS,"
"23,","2019103015,","134N,","1094E,","55,","990,","TS,"
"23,","2019103018,","135N,","1085E,","50,","995,","TS,"
"23,","2019103100,","136N,","1072E,","45,","998,","TS,"
"23,","2019103106,","137N,","1058E,","35,","996,","TS,"
"23,","2019103112,","138N,","1046E,","25,","1006,","TD,"
"23,","2019103118,","140N,","1034E,","20,","1008,","DB,"
"23,","2019110100,","143N,","1022E,","15,","1008,","DB,"
"23,","2019110106,","145N,","1014E,","15,","1008,","WV,"
"23,","2019110112,","144N,","1007E,","15,","1007,","WV,"
"23,","2019110118,","142N,","1000E,","15,","1008,","WV,"
"23,","2019110200,","140N,","993E,","15,","1008,","WV,"
"23,","2019110206,","138N,","988E,","15,","1010,","WV,"
"23,","2019110212,","136N,","983E,","15,","1006,","WV,"
"23,","2019110218,","134N,","976E,","15,","1006,","WV,"
"23,","2019110300,","133N,","967E,","15,","1006,","DB,"
"23,","2019110306,","133N,","960E,","15,","1008,","DB,"
"23,","2019110312,","133N,","954E,","20,","1007,","DB,"
"23,","2019110318,","132N,","948E,","20,","1006,","DB,"
"23,","2019110400,","130N,","941E,","20,","1007,","DB,"
"23,","2019110406,","128N,","932E,","25,","1006,","TD,"
"23,","2019110412,","128N,","923E,","25,","1005,","TD,"
"23,","2019110418,","128N,","916E,","25,","1008,","TD,"
"23,","2019110500,","128N,","910E,","25,","1007,","TD,"
"23,","2019110506,","128N,","906E,","25,","1006,","TD,"
"23,","2019110512,","129N,","901E,","35,","1002,","TS,"
"23,","2019110518,","129N,","897E,","35,","1001,","TS,"
"23,","2019110600,","132N,","899E,","35,","1000,","TS,"
"23,","2019110606,","131N,","900E,","35,","998,","TS,"
"23,","2019110612,","133N,","900E,","35,","997,","TS,"
"23,","2019110618,","139N,","898E,","40,","997,","TS,"
"23,","2019110700,","145N,","892E,","45,","995,","TS,"
"23,","2019110706,","151N,","887E,","50,","994,","TS,"
"23,","2019110706,","151N,","887E,","50,","994,","TS,"
"23,","2019110712,","156N,","883E,","60,","988,","TS,"
"23,","2019110712,","156N,","883E,","60,","988,","TS,"
"23,","2019110718,","162N,","878E,","65,","984,","TY,"
"23,","2019110718,","162N,","878E,","65,","984,","TY,"
"23,","2019110800,","170N,","878E,","70,","983,","TY,"
"23,","2019110800,","170N,","878E,","70,","983,","TY,"
"23,","2019110800,","170N,","878E,","70,","983,","TY,"
"23,","2019110806,","178N,","879E,","80,","974,","TY,"
"23,","2019110806,","178N,","879E,","80,","974,","TY,"
"23,","2019110806,","178N,","879E,","80,","974,","TY,"
"23,","2019110812,","187N,","879E,","80,","975,","TY,"
"23,","2019110812,","187N,","879E,","80,","975,","TY,"
"23,","2019110812,","187N,","879E,","80,","975,","TY,"
"23,","2019110818,","193N,","878E,","75,","979,","TY,"
"23,","2019110818,","193N,","878E,","75,","979,","TY,"
"23,","2019110818,","193N,","878E,","75,","979,","TY,"
"23,","2019110900,","200N,","877E,","75,","979,","TY,"
"23,","2019110900,","200N,","877E,","75,","979,","TY,"
"23,","2019110900,","200N,","877E,","75,","979,","TY,"
"23,","2019110906,","206N,","877E,","85,","972,","TY,"
"23,","2019110906,","206N,","877E,","85,","972,","TY,"
"23,","2019110906,","206N,","877E,","85,","972,","TY,"
"23,","2019110912,","211N,","880E,","100,","959,","TY,"
"23,","2019110912,","211N,","880E,","100,","959,","TY,"
"23,","2019110912,","211N,","880E,","100,","959,","TY,"
"23,","2019110915,","214N,","882E,","105,","955,","TY,"
"23,","2019110915,","214N,","882E,","105,","955,","TY,"
"23,","2019110915,","214N,","882E,","105,","955,","TY,"
"23,","2019110918,","216N,","886E,","95,","964,","TY,"
"23,","2019110918,","216N,","886E,","95,","964,","TY,"
"23,","2019110918,","216N,","886E,","95,","964,","TY,"
"23,","2019111000,","219N,","894E,","70,","983,","TY,"
"23,","2019111000,","219N,","894E,","70,","983,","TY,"
"23,","2019111000,","219N,","894E,","70,","983,","TY,"
"23,","2019111006,","223N,","902E,","55,","993,","TS,"
"23,","2019111006,","223N,","902E,","55,","993,","TS,"
"23,","2019111012,","226N,","907E,","40,","1001,","TS,"
"23,","2019111018,","228N,","910E,","30,","1006,","TD,"
"23,","2019111100,","231N,","911E,","20,","1007,","DB,"
"24,","2019110112,","96N,","1622E,","20,","1007,","DB,"
"24,","2019110118,","105N,","1607E,","20,","1004,","DB,"
"24,","2019110200,","113N,","1593E,","20,","1004,","DB,"
"24,","2019110206,","121N,","1581E,","25,","1002,","TD,"
"24,","2019110212,","129N,","1571E,","35,","999,","TS,"
"24,","2019110218,","137N,","1561E,","40,","997,","TS,"
"24,","2019110300,","146N,","1551E,","45,","995,","TS,"
"24,","2019110306,","152N,","1545E,","50,","992,","TS,"
"24,","2019110312,","159N,","1542E,","50,","992,","TS,"
"24,","2019110312,","159N,","1542E,","50,","992,","TS,"
"24,","2019110318,","166N,","1539E,","65,","982,","TY,"
"24,","2019110318,","166N,","1539E,","65,","982,","TY,"
"24,","2019110318,","166N,","1539E,","65,","982,","TY,"
"24,","2019110400,","172N,","1536E,","70,","977,","TY,"
"24,","2019110400,","172N,","1536E,","70,","977,","TY,"
"24,","2019110400,","172N,","1536E,","70,","977,","TY,"
"24,","2019110406,","179N,","1531E,","75,","973,","TY,"
"24,","2019110406,","179N,","1531E,","75,","973,","TY,"
"24,","2019110406,","179N,","1531E,","75,","973,","TY,"
"24,","2019110412,","183N,","1527E,","85,","966,","TY,"
"24,","2019110412,","183N,","1527E,","85,","966,","TY,"
"24,","2019110412,","183N,","1527E,","85,","966,","TY,"
"24,","2019110418,","187N,","1523E,","100,","954,","TY,"
"24,","2019110418,","187N,","1523E,","100,","954,","TY,"
"24,","2019110418,","187N,","1523E,","100,","954,","TY,"
"24,","2019110500,","191N,","1519E,","120,","935,","TY,"
"24,","2019110500,","191N,","1519E,","120,","935,","TY,"
"24,","2019110500,","191N,","1519E,","120,","935,","TY,"
"24,","2019110506,","196N,","1512E,","140,","912,","ST,"
"24,","2019110506,","196N,","1512E,","140,","912,","ST,"
"24,","2019110506,","196N,","1512E,","140,","912,","ST,"
"24,","2019110512,","199N,","1508E,","155,","899,","ST,"
"24,","2019110512,","199N,","1508E,","155,","899,","ST,"
"24,","2019110512,","199N,","1508E,","155,","899,","ST,"
"24,","2019110515,","201N,","1507E,","165,","888,","ST,"
"24,","2019110515,","201N,","1507E,","165,","888,","ST,"
"24,","2019110515,","201N,","1507E,","165,","888,","ST,"
"24,","2019110518,","203N,","1506E,","160,","892,","ST,"
"24,","2019110518,","203N,","1506E,","160,","892,","ST,"
"24,","2019110518,","203N,","1506E,","160,","892,","ST,"
"24,","2019110600,","208N,","1505E,","155,","899,","ST,"
"24,","2019110600,","208N,","1505E,","155,","899,","ST,"
"24,","2019110600,","208N,","1505E,","155,","899,","ST,"
"24,","2019110606,","212N,","1506E,","135,","918,","ST,"
"24,","2019110606,","212N,","1506E,","135,","918,","ST,"
"24,","2019110606,","212N,","1506E,","135,","918,","ST,"
"24,","2019110612,","217N,","1508E,","125,","930,","TY,"
"24,","2019110612,","217N,","1508E,","125,","930,","TY,"
"24,","2019110612,","217N,","1508E,","125,","930,","TY,"
"24,","2019110618,","222N,","1510E,","115,","940,","TY,"
"24,","2019110618,","222N,","1510E,","115,","940,","TY,"
"24,","2019110618,","222N,","1510E,","115,","940,","TY,"
"24,","2019110700,","227N,","1512E,","100,","952,","TY,"
"24,","2019110700,","227N,","1512E,","100,","952,","TY,"
"24,","2019110700,","227N,","1512E,","100,","952,","TY,"
"24,","2019110706,","234N,","1515E,","90,","961,","TY,"
"24,","2019110706,","234N,","1515E,","90,","961,","TY,"
"24,","2019110706,","234N,","1515E,","90,","961,","TY,"
"24,","2019110712,","244N,","1520E,","90,","961,","TY,"
"24,","2019110712,","244N,","1520E,","90,","961,","TY,"
"24,","2019110712,","244N,","1520E,","90,","961,","TY,"
"24,","2019110718,","256N,","1530E,","80,","970,","TY,"
"24,","2019110718,","256N,","1530E,","80,","970,","TY,"
"24,","2019110718,","256N,","1530E,","80,","970,","TY,"
"24,","2019110800,","270N,","1547E,","75,","978,","TY,"
"24,","2019110800,","270N,","1547E,","75,","978,","TY,"
"24,","2019110800,","270N,","1547E,","75,","978,","TY,"
"24,","2019110806,","282N,","1562E,","75,","977,","TY,"
"24,","2019110806,","282N,","1562E,","75,","977,","TY,"
"24,","2019110806,","282N,","1562E,","75,","977,","TY,"
"24,","2019110812,","294N,","1580E,","60,","989,","TS,"
"24,","2019110812,","294N,","1580E,","60,","989,","TS,"
"24,","2019110818,","308N,","1596E,","45,","995,","TS,"
"24,","2019110900,","313N,","1609E,","40,","999,","TS,"
"24,","2019110906,","314N,","1626E,","35,","1001,","TS,"
"24,","2019110912,","314N,","1642E,","30,","1003,","TD,"
"24,","2019110918,","311N,","1657E,","30,","1002,","EX,"
"24,","2019111000,","314N,","1683E,","30,","1003,","EX,"
"24,","2019111006,","324N,","1702E,","30,","999,","EX,"
"25,","2019110500,","139N,","1148E,","20,","1007,","DB,"
"25,","2019110506,","138N,","1153E,","20,","1002,","DB,"
"25,","2019110512,","137N,","1158E,","20,","1001,","DB,"
"25,","2019110518,","136N,","1162E,","25,","1002,","TD,"
"25,","2019110600,","134N,","1164E,","30,","1000,","TD,"
"25,","2019110606,","133N,","1166E,","35,","997,","TS,"
"25,","2019110612,","133N,","1168E,","40,","995,","TS,"
"25,","2019110618,","134N,","1170E,","45,","993,","TS,"
"25,","2019110700,","134N,","1171E,","55,","986,","TS,"
"25,","2019110700,","134N,","1171E,","55,","986,","TS,"
"25,","2019110706,","134N,","1173E,","60,","982,","TS,"
"25,","2019110706,","134N,","1173E,","60,","982,","TS,"
"25,","2019110712,","132N,","1173E,","60,","985,","TS,"
"25,","2019110712,","132N,","1173E,","60,","985,","TS,"
"25,","2019110718,","130N,","1173E,","60,","985,","TS,"
"25,","2019110718,","130N,","1173E,","60,","985,","TS,"
"25,","2019110800,","128N,","1171E,","60,","986,","TS,"
"25,","2019110800,","128N,","1171E,","60,","986,","TS,"
"25,","2019110806,","127N,","1168E,","65,","984,","TY,"
"25,","2019110806,","127N,","1168E,","65,","984,","TY,"
"25,","2019110806,","127N,","1168E,","65,","984,","TY,"
"25,","2019110812,","125N,","1164E,","60,","985,","TS,"
"25,","2019110812,","125N,","1164E,","60,","985,","TS,"
"25,","2019110818,","124N,","1157E,","55,","991,","TS,"
"25,","2019110818,","124N,","1157E,","55,","991,","TS,"
"25,","2019110900,","123N,","1151E,","50,","992,","TS,"
"25,","2019110900,","123N,","1151E,","50,","992,","TS,"
"25,","2019110906,","124N,","1143E,","50,","992,","TS,"
"25,","2019110906,","124N,","1143E,","50,","992,","TS,"
"25,","2019110912,","124N,","1135E,","50,","994,","TS,"
"25,","2019110912,","124N,","1135E,","50,","994,","TS,"
"25,","2019110918,","125N,","1128E,","50,","994,","TS,"
"25,","2019110918,","125N,","1128E,","50,","994,","TS,"
"25,","2019111000,","126N,","1119E,","50,","995,","TS,"
"25,","2019111000,","126N,","1119E,","50,","995,","TS,"
"25,","2019111006,","128N,","1109E,","50,","995,","TS,"
"25,","2019111006,","128N,","1109E,","50,","995,","TS,"
"25,","2019111012,","128N,","1100E,","50,","996,","TS,"
"25,","2019111012,","128N,","1100E,","50,","996,","TS,"
"25,","2019111018,","129N,","1091E,","45,","999,","TS,"
"25,","2019111100,","130N,","1086E,","30,","1002,","TD,"
"25,","2019111106,","131N,","1080E,","20,","1005,","DB,"
"26,","2019110918,","107N,","1715E,","15,","1010,","DB,"
"26,","2019111000,","110N,","1706E,","15,","1008,","DB,"
"26,","2019111006,","114N,","1700E,","15,","1010,","DB,"
"26,","2019111012,","121N,","1695E,","20,","1008,","DB,"
"26,","2019111018,","128N,","1689E,","20,","1006,","DB,"
"26,","2019111100,","133N,","1680E,","20,","1006,","DB,"
"26,","2019111106,","140N,","1666E,","25,","1007,","TD,"
"26,","2019111112,","143N,","1650E,","25,","1005,","TD,"
"26,","2019111118,","147N,","1636E,","25,","1005,","TD,"
"26,","2019111200,","151N,","1624E,","30,","1003,","TD,"
"26,","2019111206,","156N,","1607E,","30,","1004,","TD,"
"26,","2019111212,","162N,","1593E,","35,","1006,","TS,"
"26,","2019111218,","168N,","1577E,","35,","1006,","TS,"
"26,","2019111300,","172N,","1560E,","40,","1000,","TS,"
"26,","2019111306,","170N,","1545E,","40,","1004,","TS,"
"26,","2019111312,","170N,","1530E,","45,","1002,","TS,"
"26,","2019111318,","170N,","1514E,","45,","1002,","TS,"
"26,","2019111400,","170N,","1496E,","50,","997,","TS,"
"26,","2019111400,","170N,","1496E,","50,","997,","TS,"
"26,","2019111406,","171N,","1480E,","55,","995,","TS,"
"26,","2019111406,","171N,","1480E,","55,","995,","TS,"
"26,","2019111412,","175N,","1465E,","55,","996,","TS,"
"26,","2019111412,","175N,","1465E,","55,","996,","TS,"
"26,","2019111418,","182N,","1450E,","70,","985,","TY,"
"26,","2019111418,","182N,","1450E,","70,","985,","TY,"
"26,","2019111418,","182N,","1450E,","70,","985,","TY,"
"26,","2019111500,","190N,","1436E,","90,","974,","TY,"
"26,","2019111500,","190N,","1436E,","90,","974,","TY,"
"26,","2019111500,","190N,","1436E,","90,","974,","TY,"
"26,","2019111506,","201N,","1426E,","105,","958,","TY,"
"26,","2019111506,","201N,","1426E,","105,","958,","TY,"
"26,","2019111506,","201N,","1426E,","105,","958,","TY,"
"26,","2019111512,","212N,","1422E,","115,","948,","TY,"
"26,","2019111512,","212N,","1422E,","115,","948,","TY,"
"26,","2019111512,","212N,","1422E,","115,","948,","TY,"
"26,","2019111518,","224N,","1425E,","115,","946,","TY,"
"26,","2019111518,","224N,","1425E,","115,","946,","TY,"
"26,","2019111518,","224N,","1425E,","115,","946,","TY,"
"26,","2019111600,","238N,","1433E,","110,","950,","TY,"
"26,","2019111600,","238N,","1433E,","110,","950,","TY,"
"26,","2019111600,","238N,","1433E,","110,","950,","TY,"
"26,","2019111606,","249N,","1448E,","110,","949,","TY,"
"26,","2019111606,","249N,","1448E,","110,","949,","TY,"
"26,","2019111606,","249N,","1448E,","110,","949,","TY,"
"26,","2019111612,","259N,","1468E,","105,","953,","TY,"
"26,","2019111612,","259N,","1468E,","105,","953,","TY,"
"26,","2019111612,","259N,","1468E,","105,","953,","TY,"
"26,","2019111618,","264N,","1493E,","90,","966,","TY,"
"26,","2019111618,","264N,","1493E,","90,","966,","TY,"
"26,","2019111618,","264N,","1493E,","90,","966,","TY,"
"26,","2019111700,","266N,","1522E,","75,","982,","TY,"
"26,","2019111700,","266N,","1522E,","75,","982,","TY,"
"26,","2019111700,","266N,","1522E,","75,","982,","TY,"
"26,","2019111706,","267N,","1553E,","55,","996,","TS,"
"26,","2019111706,","267N,","1553E,","55,","996,","TS,"
"26,","2019111712,","260N,","1564E,","40,","1005,","TS,"
"26,","2019111718,","250N,","1578E,","30,","1007,","TD,"
"26,","2019111800,","238N,","1584E,","25,","1013,","TD,"
"26,","2019111806,","222N,","1577E,","20,","1012,","DB,"
"26,","2019111812,","208N,","1560E,","20,","1012,","DB,"
"27,","2019111112,","115N,","1331E,","15,","1006,","DB,"
"27,","2019111118,","116N,","1326E,","20,","1004,","DB,"
"27,","2019111200,","117N,","1322E,","20,","1003,","DB,"
"27,","2019111206,","117N,","1320E,","20,","1002,","DB,"
"27,","2019111212,","119N,","1313E,","20,","1005,","DB,"
"27,","2019111218,","122N,","1302E,","20,","1006,","DB,"
"27,","2019111300,","127N,","1291E,","20,","1007,","DB,"
"27,","2019111306,","129N,","1286E,","25,","1005,","MD,"
"27,","2019111312,","132N,","1283E,","25,","1004,","MD,"
"27,","2019111318,","137N,","1278E,","25,","1006,","MD,"
"27,","2019111400,","145N,","1273E,","25,","1005,","MD,"
"27,","2019111406,","151N,","1268E,","25,","1005,","MD,"
"27,","2019111412,","152N,","1264E,","25,","1005,","MD,"
"27,","2019111418,","154N,","1262E,","25,","1004,","MD,"
"27,","2019111500,","156N,","1264E,","25,","1005,","MD,"
"27,","2019111506,","158N,","1263E,","25,","1004,","MD,"
"27,","2019111512,","159N,","1263E,","25,","1004,","MD,"
"27,","2019111518,","160N,","1263E,","30,","1001,","TD,"
"27,","2019111600,","158N,","1261E,","30,","1001,","TD,"
"27,","2019111606,","157N,","1261E,","30,","1001,","TD,"
"27,","2019111612,","155N,","1259E,","30,","1004,","TD,"
"27,","2019111618,","156N,","1254E,","35,","1002,","TS,"
"27,","2019111700,","161N,","1250E,","40,","1000,","TS,"
"27,","2019111706,","166N,","1249E,","45,","998,","TS,"
"27,","2019111712,","168N,","1246E,","45,","999,","TS,"
"27,","2019111718,","171N,","1241E,","50,","995,","TS,"
"27,","2019111718,","171N,","1241E,","50,","995,","TS,"
"27,","2019111800,","175N,","1236E,","55,","993,","TS,"
"27,","2019111800,","175N,","1236E,","55,","993,","TS,"
"27,","2019111806,","182N,","1233E,","70,","984,","TY,"
"27,","2019111806,","182N,","1233E,","70,","984,","TY,"
"27,","2019111806,","182N,","1233E,","70,","984,","TY,"
"27,","2019111812,","189N,","1230E,","75,","980,","TY,"
"27,","2019111812,","189N,","1230E,","75,","980,","TY,"
"27,","2019111812,","189N,","1230E,","75,","980,","TY,"
"27,","2019111818,","190N,","1226E,","85,","970,","TY,"
"27,","2019111818,","190N,","1226E,","85,","970,","TY,"
"27,","2019111818,","190N,","1226E,","85,","970,","TY,"
"27,","2019111900,","192N,","1225E,","90,","963,","TY,"
"27,","2019111900,","192N,","1225E,","90,","963,","TY,"
"27,","2019111900,","192N,","1225E,","90,","963,","TY,"
"27,","2019111906,","192N,","1227E,","85,","966,","TY,"
"27,","2019111906,","192N,","1227E,","85,","966,","TY,"
"27,","2019111906,","192N,","1227E,","85,","966,","TY,"
"27,","2019111912,","189N,","1225E,","75,","977,","TY,"
"27,","2019111912,","189N,","1225E,","75,","977,","TY,"
"27,","2019111912,","189N,","1225E,","75,","977,","TY,"
"27,","2019111918,","185N,","1222E,","65,","982,","TY,"
"27,","2019111918,","185N,","1222E,","65,","982,","TY,"
"27,","2019111918,","185N,","1222E,","65,","982,","TY,"
"27,","2019112000,","175N,","1215E,","45,","998,","TS,"
"27,","2019112006,","166N,","1208E,","35,","997,","TS,"
"27,","2019112012,","154N,","1201E,","30,","999,","TD,"
"27,","2019112018,","142N,","1189E,","25,","1007,","TD,"
"27,","2019112100,","135N,","1180E,","20,","1008,","DB,"
"27,","2019112106,","130N,","1169E,","20,","1005,","DB,"
"27,","2019112112,","125N,","1159E,","20,","1007,","DB,"
"27,","2019112118,","120N,","1149E,","20,","1007,","DB,"
"27,","2019112200,","113N,","1140E,","20,","1008,","DB,"
"27,","2019112206,","105N,","1129E,","20,","1011,","DB,"
"27,","2019112212,","97N,","1115E,","20,","1011,","DB,"
"28,","2019111818,","126N,","1351E,","20,","1005,","DB,"
"28,","2019111900,","129N,","1331E,","20,","-1,","DB,"
"28,","2019111906,","140N,","1311E,","25,","1006,","TD,"
"28,","2019111912,","147N,","1299E,","30,","1005,","TD,"
"28,","2019111918,","152N,","1293E,","30,","1004,","TD,"
"28,","2019112000,","161N,","1285E,","30,","1007,","TD,"
"28,","2019112006,","179N,","1278E,","35,","1004,","TS,"
"28,","2019112012,","185N,","1262E,","45,","994,","TS,"
"28,","2019112018,","195N,","1254E,","55,","990,","TS,"
"28,","2019112018,","195N,","1254E,","55,","990,","TS,"
"28,","2019112100,","199N,","1246E,","65,","988,","TY,"
"28,","2019112100,","199N,","1246E,","65,","988,","TY,"
"28,","2019112100,","199N,","1246E,","65,","988,","TY,"
"28,","2019112106,","205N,","1243E,","65,","989,","TY,"
"28,","2019112106,","205N,","1243E,","65,","989,","TY,"
"28,","2019112112,","213N,","1242E,","60,","991,","TS,"
"28,","2019112112,","213N,","1242E,","60,","991,","TS,"
"28,","2019112118,","221N,","1243E,","60,","992,","TS,"
"28,","2019112118,","221N,","1243E,","60,","992,","TS,"
"28,","2019112200,","230N,","1249E,","55,","997,","TS,"
"28,","2019112200,","230N,","1249E,","55,","997,","TS,"
"28,","2019112206,","239N,","1252E,","45,","1002,","TS,"
"28,","2019112212,","246N,","1254E,","30,","1008,","TD,"
"28,","2019112218,","250N,","1254E,","30,","1005,","TD,"
"28,","2019112300,","251N,","1255E,","25,","1010,","TD,"
"28,","2019112306,","253N,","1257E,","20,","1012,","DB,"
"28,","2019112312,","259N,","1259E,","20,","1012,","DB,"
"29,","2019112512,","91N,","1520E,","20,","1003,","DB,"
"29,","2019112518,","102N,","1509E,","25,","1002,","TD,"
"29,","2019112600,","108N,","1492E,","30,","1001,","TD,"
"29,","2019112606,","113N,","1472E,","35,","996,","TS,"
"29,","2019112612,","114N,","1452E,","35,","998,","TS,"
"29,","2019112618,","115N,","1436E,","40,","993,","TS,"
"29,","2019112700,","114N,","1422E,","45,","993,","TS,"
"29,","2019112706,","115N,","1410E,","55,","982,","TS,"
"29,","2019112706,","115N,","1410E,","55,","982,","TS,"
"29,","2019112712,","114N,","1402E,","60,","981,","TS,"
"29,","2019112712,","114N,","1402E,","60,","981,","TS,"
"29,","2019112718,","114N,","1395E,","65,","978,","TY,"
"29,","2019112718,","114N,","1395E,","65,","978,","TY,"
"29,","2019112718,","114N,","1395E,","65,","978,","TY,"
"29,","2019112800,","120N,","1390E,","70,","975,","TY,"
"29,","2019112800,","120N,","1390E,","70,","975,","TY,"
"29,","2019112800,","120N,","1390E,","70,","975,","TY,"
"29,","2019112806,","127N,","1388E,","70,","979,","TY,"
"29,","2019112806,","127N,","1388E,","70,","979,","TY,"
"29,","2019112806,","127N,","1388E,","70,","979,","TY,"
"29,","2019112812,","135N,","1386E,","70,","979,","TY,"
"29,","2019112812,","135N,","1386E,","70,","979,","TY,"
"29,","2019112812,","135N,","1386E,","70,","979,","TY,"
"29,","2019112818,","142N,","1387E,","70,","976,","TY,"
"29,","2019112818,","142N,","1387E,","70,","976,","TY,"
"29,","2019112818,","142N,","1387E,","70,","976,","TY,"
"29,","2019112900,","144N,","1382E,","65,","981,","TY,"
"29,","2019112900,","144N,","1382E,","65,","981,","TY,"
"29,","2019112900,","144N,","1382E,","65,","981,","TY,"
"29,","2019112906,","143N,","1381E,","60,","983,","TS,"
"29,","2019112906,","143N,","1381E,","60,","983,","TS,"
"29,","2019112912,","141N,","1378E,","60,","982,","TS,"
"29,","2019112912,","141N,","1378E,","60,","982,","TS,"
"29,","2019112918,","141N,","1372E,","60,","983,","TS,"
"29,","2019112918,","141N,","1372E,","60,","983,","TS,"
"29,","2019113000,","139N,","1362E,","65,","979,","TY,"
"29,","2019113000,","139N,","1362E,","65,","979,","TY,"
"29,","2019113000,","139N,","1362E,","65,","979,","TY,"
"29,","2019113006,","135N,","1353E,","65,","979,","TY,"
"29,","2019113006,","135N,","1353E,","65,","979,","TY,"
"29,","2019113006,","135N,","1353E,","65,","979,","TY,"
"29,","2019113012,","132N,","1340E,","65,","980,","TY,"
"29,","2019113012,","132N,","1340E,","65,","980,","TY,"
"29,","2019113012,","132N,","1340E,","65,","980,","TY,"
"29,","2019113018,","132N,","1328E,","65,","980,","TY,"
"29,","2019113018,","132N,","1328E,","65,","980,","TY,"
"29,","2019113018,","132N,","1328E,","65,","980,","TY,"
"29,","2019120100,","131N,","1314E,","60,","983,","TS,"
"29,","2019120100,","131N,","1314E,","60,","983,","TS,"
"29,","2019120106,","131N,","1300E,","60,","985,","TS,"
"29,","2019120106,","131N,","1300E,","60,","985,","TS,"
"29,","2019120112,","130N,","1288E,","65,","983,","TY,"
"29,","2019120112,","130N,","1288E,","65,","983,","TY,"
"29,","2019120112,","130N,","1288E,","65,","983,","TY,"
"29,","2019120118,","129N,","1277E,","80,","972,","TY,"
"29,","2019120118,","129N,","1277E,","80,","972,","TY,"
"29,","2019120118,","129N,","1277E,","80,","972,","TY,"
"29,","2019120200,","129N,","1266E,","95,","960,","TY,"
"29,","2019120200,","129N,","1266E,","95,","960,","TY,"
"29,","2019120200,","129N,","1266E,","95,","960,","TY,"
"29,","2019120206,","129N,","1256E,","115,","942,","TY,"
"29,","2019120206,","129N,","1256E,","115,","942,","TY,"
"29,","2019120206,","129N,","1256E,","115,","942,","TY,"
"29,","2019120212,","129N,","1247E,","120,","938,","TY,"
"29,","2019120212,","129N,","1247E,","120,","938,","TY,"
"29,","2019120212,","129N,","1247E,","120,","938,","TY,"
"29,","2019120218,","130N,","1234E,","115,","943,","TY,"
"29,","2019120218,","130N,","1234E,","115,","943,","TY,"
"29,","2019120218,","130N,","1234E,","115,","943,","TY,"
"29,","2019120300,","131N,","1222E,","105,","953,","TY,"
"29,","2019120300,","131N,","1222E,","105,","953,","TY,"
"29,","2019120300,","131N,","1222E,","105,","953,","TY,"
"29,","2019120306,","131N,","1211E,","90,","965,","TY,"
"29,","2019120306,","131N,","1211E,","90,","965,","TY,"
"29,","2019120306,","131N,","1211E,","90,","965,","TY,"
"29,","2019120312,","132N,","1201E,","80,","974,","TY,"
"29,","2019120312,","132N,","1201E,","80,","974,","TY,"
"29,","2019120312,","132N,","1201E,","80,","974,","TY,"
"29,","2019120318,","138N,","1191E,","60,","987,","TS,"
"29,","2019120318,","138N,","1191E,","60,","987,","TS,"
"29,","2019120400,","141N,","1181E,","55,","993,","TS,"
"29,","2019120400,","141N,","1181E,","55,","993,","TS,"
"29,","2019120406,","142N,","1172E,","50,","993,","TS,"
"29,","2019120406,","142N,","1172E,","50,","993,","TS,"
"29,","2019120412,","145N,","1163E,","40,","1001,","TS,"
"29,","2019120418,","147N,","1154E,","35,","1000,","TS,"
"29,","2019120500,","143N,","1143E,","30,","1004,","TD,"
"29,","2019120506,","138N,","1137E,","30,","1004,","TD,"
"29,","2019120512,","130N,","1134E,","30,","1004,","TD,"
"29,","2019120518,","122N,","1135E,","25,","1007,","TD,"
"29,","2019120600,","112N,","1134E,","20,","1010,","DB,"
"30,","2019121912,","52N,","1514E,","15,","1010,","DB,"
"30,","2019121918,","49N,","1502E,","15,","1010,","DB,"
"30,","2019122000,","48N,","1489E,","15,","1005,","DB,"
"30,","2019122006,","49N,","1475E,","15,","1007,","DB,"
"30,","2019122012,","50N,","1459E,","15,","1007,","DB,"
"30,","2019122018,","49N,","1441E,","20,","1005,","DB,"
"30,","2019122100,","48N,","1431E,","20,","1005,","DB,"
"30,","2019122106,","53N,","1425E,","20,","1005,","DB,"
"30,","2019122112,","59N,","1410E,","25,","1004,","TD,"
"30,","2019122118,","64N,","1399E,","30,","1002,","TD,"
"30,","2019122200,","70N,","1391E,","30,","1001,","TD,"
"30,","2019122206,","74N,","1381E,","35,","999,","TS,"
"30,","2019122212,","83N,","1368E,","35,","1003,","TS,"
"30,","2019122218,","89N,","1353E,","35,","1004,","TS,"
"30,","2019122300,","95N,","1337E,","40,","1001,","TS,"
"30,","2019122306,","100N,","1320E,","45,","1001,","TS,"
"30,","2019122312,","105N,","1309E,","50,","998,","TS,"
"30,","2019122318,","108N,","1292E,","65,","989,","TY,"
"30,","2019122318,","108N,","1292E,","65,","989,","TY,"
"30,","2019122400,","108N,","1277E,","75,","984,","TY,"
"30,","2019122400,","108N,","1277E,","75,","984,","TY,"
"30,","2019122400,","108N,","1277E,","75,","984,","TY,"
"30,","2019122406,","110N,","1263E,","85,","977,","TY,"
"30,","2019122406,","110N,","1263E,","85,","977,","TY,"
"30,","2019122406,","110N,","1263E,","85,","977,","TY,"
"30,","2019122412,","114N,","1249E,","90,","972,","TY,"
"30,","2019122412,","114N,","1249E,","90,","972,","TY,"
"30,","2019122412,","114N,","1249E,","90,","972,","TY,"
"30,","2019122418,","117N,","1234E,","95,","966,","TY,"
"30,","2019122418,","117N,","1234E,","95,","966,","TY,"
"30,","2019122418,","117N,","1234E,","95,","966,","TY,"
"30,","2019122500,","118N,","1224E,","105,","958,","TY,"
"30,","2019122500,","118N,","1224E,","105,","958,","TY,"
"30,","2019122500,","118N,","1224E,","105,","958,","TY,"
"30,","2019122506,","121N,","1214E,","105,","958,","TY,"
"30,","2019122506,","121N,","1214E,","105,","958,","TY,"
"30,","2019122506,","121N,","1214E,","105,","958,","TY,"
"30,","2019122512,","126N,","1202E,","100,","964,","TY,"
"30,","2019122512,","126N,","1202E,","100,","964,","TY,"
"30,","2019122512,","126N,","1202E,","100,","964,","TY,"
"30,","2019122518,","128N,","1193E,","90,","972,","TY,"
"30,","2019122518,","128N,","1193E,","90,","972,","TY,"
"30,","2019122518,","128N,","1193E,","90,","972,","TY,"
"30,","2019122600,","131N,","1186E,","85,","976,","TY,"
"30,","2019122600,","131N,","1186E,","85,","976,","TY,"
"30,","2019122600,","131N,","1186E,","85,","976,","TY,"
"30,","2019122606,","134N,","1181E,","85,","974,","TY,"
"30,","2019122606,","134N,","1181E,","85,","974,","TY,"
"30,","2019122606,","134N,","1181E,","85,","974,","TY,"
"30,","2019122612,","139N,","1177E,","80,","978,","TY,"
"30,","2019122612,","139N,","1177E,","80,","978,","TY,"
"30,","2019122612,","139N,","1177E,","80,","978,","TY,"
"30,","2019122618,","144N,","1173E,","75,","982,","TY,"
"30,","2019122618,","144N,","1173E,","75,","982,","TY,"
"30,","2019122618,","144N,","1173E,","75,","982,","TY,"
"30,","2019122700,","146N,","1171E,","65,","988,","TY,"
"30,","2019122700,","146N,","1171E,","65,","988,","TY,"
"30,","2019122700,","146N,","1171E,","65,","988,","TY,"
"30,","2019122706,","147N,","1168E,","55,","994,","TS,"
"30,","2019122706,","147N,","1168E,","55,","994,","TS,"
"30,","2019122712,","148N,","1165E,","50,","998,","TS,"
"30,","2019122712,","148N,","1165E,","50,","998,","TS,"
"30,","2019122718,","148N,","1160E,","45,","999,","TS,"
"30,","2019122800,","144N,","1152E,","35,","1005,","TS,"
"30,","2019122806,","144N,","1139E,","30,","1006,","TD,"
"30,","2019122812,","144N,","1130E,","25,","1009,","TD,"
"30,","2019122818,","146N,","1121E,","20,","1011,","DB,"
"30,","2019122900,","146N,","1117E,","20,","1010,","DB,"
"30,","2019122906,","145N,","1112E,","20,","1011,","DB,"
